orden_detalle_id,orden_id,producto_id,cantidad,precio_unitario,descuento_linea,impuesto_linea,total_linea
1,10000,102,1,550.0,0.0,99.0,649.0
2,10000,401,2,4495.66,899.13,1456.59,9548.78
3,10001,301,1,3200.0,160.0,547.2,3587.2
4,10001,103,1,480.0,72.0,73.44,481.44
5,10002,102,2,550.0,0.0,198.0,1298.0
6,10002,202,2,2200.0,660.0,673.2,4413.2
7,10003,201,1,1958.69,97.93,334.94,2195.7
8,10004,301,1,3200.0,0.0,576.0,3776.0
9,10005,301,1,3415.1,170.75,583.98,3828.33
10,10006,401,1,4495.66,449.57,728.3,4774.39
11,10007,401,3,4200.0,0.0,2268.0,14868.0
12,10008,201,1,1800.0,90.0,307.8,2017.8
13,10008,202,1,2200.0,330.0,336.6,2206.6
14,10008,402,1,3900.0,0.0,702.0,4602.0
15,10009,101,1,420.0,42.0,68.04,446.04
16,10010,302,1,3500.0,0.0,630.0,4130.0
17,10010,102,1,550.0,0.0,99.0,649.0
18,10010,401,1,4200.0,630.0,642.6,4212.6
19,10011,402,2,3900.0,780.0,1263.6,8283.6
20,10011,201,1,1800.0,180.0,291.6,1911.6
21,10012,102,1,550.0,27.5,94.05,616.55
22,10012,201,1,1800.0,0.0,324.0,2124.0
23,10013,402,1,3900.0,0.0,702.0,4602.0
24,10014,202,1,2200.0,330.0,336.6,2206.6
25,10014,201,1,1800.0,0.0,324.0,2124.0
26,10015,402,2,3900.0,780.0,1263.6,8283.6
27,10016,302,1,3500.0,525.0,535.5,3510.5
28,10017,402,1,3900.0,0.0,702.0,4602.0
29,10018,302,2,3500.0,0.0,1260.0,8260.0
30,10019,102,2,550.0,55.0,188.1,1233.1
31,10020,203,1,2609.14,0.0,469.65,3078.79
32,10021,402,2,3900.0,780.0,1263.6,8283.6
33,10022,302,1,3500.0,525.0,535.5,3510.5
34,10023,102,1,550.0,0.0,99.0,649.0
35,10024,302,3,3500.0,0.0,1890.0,12390.0
36,10025,202,1,2200.0,330.0,336.6,2206.6
37,10025,301,1,3415.1,0.0,614.72,4029.82
38,10026,203,1,2400.0,360.0,367.2,2407.2
39,10027,201,2,1800.0,360.0,583.2,3823.2
40,10028,101,1,420.0,63.0,64.26,421.26
41,10029,103,1,480.0,0.0,86.4,566.4
42,10030,203,1,2400.0,120.0,410.4,2690.4
43,10030,401,1,4200.0,420.0,680.4,4460.4
44,10031,102,2,550.0,0.0,198.0,1298.0
45,10031,301,1,3415.1,170.75,583.98,3828.33
46,10031,402,2,3900.0,0.0,1404.0,9204.0
47,10032,301,1,3200.0,0.0,576.0,3776.0
48,10033,402,1,3900.0,390.0,631.8,4141.8
49,10034,401,1,4495.66,224.78,768.76,5039.64
50,10034,103,3,500.42,75.06,256.72,1682.92
51,10034,102,1,550.0,55.0,89.1,584.1
52,10035,102,1,550.0,27.5,94.05,616.55
53,10035,201,1,1958.69,97.93,334.94,2195.7
54,10036,302,1,3500.0,175.0,598.5,3923.5
55,10036,202,1,2200.0,0.0,396.0,2596.0
56,10036,201,1,1800.0,0.0,324.0,2124.0
57,10037,103,1,500.42,25.02,85.57,560.97
58,10038,202,2,2200.0,220.0,752.4,4932.4
59,10039,201,2,1800.0,360.0,583.2,3823.2
60,10040,202,1,2200.0,110.0,376.2,2466.2
61,10041,201,2,1800.0,180.0,615.6,4035.6
62,10041,102,1,550.0,0.0,99.0,649.0
63,10041,302,1,3500.0,0.0,630.0,4130.0
64,10042,203,1,2400.0,360.0,367.2,2407.2
65,10043,202,1,2200.0,0.0,396.0,2596.0
66,10043,101,1,446.04,0.0,80.29,526.33
67,10044,202,1,2200.0,0.0,396.0,2596.0
68,10045,103,2,500.42,0.0,180.15,1180.99
69,10046,103,2,480.0,144.0,146.88,962.88
70,10047,101,1,420.0,21.0,71.82,470.82
71,10048,301,1,3200.0,0.0,576.0,3776.0
72,10049,402,1,3900.0,585.0,596.7,3911.7
73,10050,102,1,550.0,55.0,89.1,584.1
74,10051,402,1,3900.0,195.0,666.9,4371.9
75,10052,102,2,550.0,165.0,168.3,1103.3
76,10053,102,1,550.0,27.5,94.05,616.55
77,10054,102,1,550.0,0.0,99.0,649.0
78,10055,301,2,3200.0,640.0,1036.8,6796.8
79,10055,203,2,2400.0,0.0,864.0,5664.0
80,10056,302,1,3500.0,0.0,630.0,4130.0
81,10057,401,1,4200.0,210.0,718.2,4708.2
82,10057,402,1,3900.0,195.0,666.9,4371.9
83,10058,301,1,3415.1,0.0,614.72,4029.82
84,10059,202,1,2200.0,330.0,336.6,2206.6
85,10060,202,1,2200.0,220.0,356.4,2336.4
86,10060,302,1,3500.0,350.0,567.0,3717.0
87,10061,402,1,3900.0,195.0,666.9,4371.9
88,10062,103,1,480.0,0.0,86.4,566.4
89,10062,202,1,2200.0,220.0,356.4,2336.4
90,10062,401,1,4200.0,420.0,680.4,4460.4
91,10063,302,2,3500.0,350.0,1197.0,7847.0
92,10064,301,1,3415.1,170.75,583.98,3828.33
93,10065,402,1,3900.0,0.0,702.0,4602.0
94,10066,102,1,550.0,0.0,99.0,649.0
95,10067,402,1,3900.0,0.0,702.0,4602.0
96,10068,203,1,2400.0,240.0,388.8,2548.8
97,10068,103,1,480.0,24.0,82.08,538.08
98,10069,101,1,420.0,21.0,71.82,470.82
99,10070,402,1,3900.0,195.0,666.9,4371.9
100,10071,203,3,2609.14,0.0,1408.94,9236.36
101,10072,402,1,3900.0,195.0,666.9,4371.9
102,10073,203,1,2400.0,360.0,367.2,2407.2
103,10073,102,1,550.0,27.5,94.05,616.55
104,10074,202,1,2200.0,0.0,396.0,2596.0
105,10074,301,1,3200.0,320.0,518.4,3398.4
106,10074,103,1,480.0,24.0,82.08,538.08
107,10075,103,3,480.0,72.0,246.24,1614.24
108,10076,102,2,550.0,165.0,168.3,1103.3
109,10076,401,1,4200.0,210.0,718.2,4708.2
110,10077,402,1,4307.82,0.0,775.41,5083.23
111,10077,103,1,500.42,0.0,90.08,590.5
112,10078,202,3,2200.0,660.0,1069.2,7009.2
113,10079,401,1,4200.0,0.0,756.0,4956.0
114,10079,402,2,3900.0,1170.0,1193.4,7823.4
115,10080,401,1,4200.0,0.0,756.0,4956.0
116,10080,102,1,550.0,82.5,84.15,551.65
117,10081,301,1,3200.0,0.0,576.0,3776.0
118,10081,101,1,420.0,0.0,75.6,495.6
119,10081,402,1,3900.0,0.0,702.0,4602.0
120,10082,302,1,3500.0,0.0,630.0,4130.0
121,10082,103,2,480.0,0.0,172.8,1132.8
122,10082,402,1,3900.0,0.0,702.0,4602.0
123,10083,102,1,550.0,55.0,89.1,584.1
124,10084,101,1,446.04,66.91,68.24,447.37
125,10085,301,1,3200.0,0.0,576.0,3776.0
126,10086,301,3,3415.1,512.26,1751.95,11484.99
127,10087,203,1,2400.0,360.0,367.2,2407.2
128,10087,103,1,480.0,0.0,86.4,566.4
129,10088,302,1,3500.0,0.0,630.0,4130.0
130,10088,101,2,446.04,0.0,160.57,1052.65
131,10089,201,1,1800.0,0.0,324.0,2124.0
132,10090,302,1,3500.0,0.0,630.0,4130.0
133,10090,301,1,3415.1,341.51,553.25,3626.84
134,10091,103,1,480.0,24.0,82.08,538.08
135,10092,301,1,3200.0,160.0,547.2,3587.2
136,10092,103,1,480.0,24.0,82.08,538.08
137,10093,301,1,3415.1,0.0,614.72,4029.82
138,10094,203,1,2400.0,360.0,367.2,2407.2
139,10095,102,1,550.0,82.5,84.15,551.65
140,10096,103,1,480.0,48.0,77.76,509.76
141,10097,202,1,2200.0,0.0,396.0,2596.0
142,10097,302,1,3500.0,350.0,567.0,3717.0
143,10097,201,3,1800.0,270.0,923.4,6053.4
144,10098,103,1,500.42,0.0,90.08,590.5
145,10098,203,3,2609.14,0.0,1408.94,9236.36
146,10099,401,1,4200.0,0.0,756.0,4956.0
147,10100,102,3,550.0,0.0,297.0,1947.0
148,10100,103,1,480.0,72.0,73.44,481.44
149,10101,101,2,420.0,126.0,128.52,842.52
150,10102,401,2,4200.0,0.0,1512.0,9912.0
151,10103,102,1,550.0,82.5,84.15,551.65
152,10103,401,2,4200.0,0.0,1512.0,9912.0
153,10104,101,1,420.0,63.0,64.26,421.26
154,10104,102,1,550.0,0.0,99.0,649.0
155,10105,202,1,2200.0,220.0,356.4,2336.4
156,10105,302,1,3500.0,0.0,630.0,4130.0
157,10106,402,1,4307.82,215.39,736.64,4829.07
158,10107,302,1,3500.0,350.0,567.0,3717.0
159,10108,301,3,3200.0,0.0,1728.0,11328.0
160,10108,201,2,1800.0,540.0,550.8,3610.8
161,10109,202,1,2200.0,0.0,396.0,2596.0
162,10110,202,1,2200.0,220.0,356.4,2336.4
163,10111,301,1,3200.0,0.0,576.0,3776.0
164,10111,203,1,2400.0,0.0,432.0,2832.0
165,10112,202,1,2200.0,0.0,396.0,2596.0
166,10112,102,1,550.0,27.5,94.05,616.55
167,10113,101,1,446.04,22.3,76.27,500.01
168,10114,402,1,3900.0,390.0,631.8,4141.8
169,10115,202,2,2200.0,220.0,752.4,4932.4
170,10115,302,1,3500.0,0.0,630.0,4130.0
171,10116,202,3,2200.0,990.0,1009.8,6619.8
172,10117,201,1,1800.0,0.0,324.0,2124.0
173,10118,301,2,3200.0,640.0,1036.8,6796.8
174,10118,401,2,4200.0,0.0,1512.0,9912.0
175,10119,203,3,2609.14,782.74,1268.04,8312.72
176,10120,201,1,1800.0,90.0,307.8,2017.8
177,10120,402,1,3900.0,195.0,666.9,4371.9
178,10121,402,1,3900.0,390.0,631.8,4141.8
179,10122,302,1,3500.0,350.0,567.0,3717.0
180,10123,402,1,3900.0,0.0,702.0,4602.0
181,10124,203,1,2400.0,0.0,432.0,2832.0
182,10125,201,2,1958.69,195.87,669.87,4391.38
183,10126,101,2,420.0,0.0,151.2,991.2
184,10127,202,1,2200.0,330.0,336.6,2206.6
185,10127,101,1,446.04,22.3,76.27,500.01
186,10127,401,1,4200.0,630.0,642.6,4212.6
187,10128,302,1,3500.0,0.0,630.0,4130.0
188,10129,301,2,3200.0,960.0,979.2,6419.2
189,10130,201,1,1800.0,180.0,291.6,1911.6
190,10131,203,1,2400.0,0.0,432.0,2832.0
191,10132,202,1,2200.0,0.0,396.0,2596.0
192,10132,203,3,2609.14,782.74,1268.04,8312.72
193,10133,201,1,1800.0,270.0,275.4,1805.4
194,10133,402,2,3900.0,0.0,1404.0,9204.0
195,10134,401,2,4495.66,0.0,1618.44,10609.76
196,10135,201,1,1800.0,180.0,291.6,1911.6
197,10136,101,1,420.0,21.0,71.82,470.82
198,10137,203,1,2400.0,360.0,367.2,2407.2
199,10138,301,3,3200.0,960.0,1555.2,10195.2
200,10138,203,1,2400.0,240.0,388.8,2548.8
201,10139,401,1,4200.0,0.0,756.0,4956.0
202,10140,201,1,1800.0,90.0,307.8,2017.8
203,10141,101,1,420.0,0.0,75.6,495.6
204,10141,201,1,1800.0,180.0,291.6,1911.6
205,10142,101,1,446.04,22.3,76.27,500.01
206,10143,103,3,480.0,216.0,220.32,1444.32
207,10144,301,1,3200.0,160.0,547.2,3587.2
208,10144,401,2,4200.0,840.0,1360.8,8920.8
209,10145,401,1,4495.66,0.0,809.22,5304.88
210,10146,103,1,480.0,24.0,82.08,538.08
211,10147,201,1,1800.0,180.0,291.6,1911.6
212,10148,402,1,4307.82,0.0,775.41,5083.23
213,10148,401,2,4495.66,449.57,1537.51,10079.26
214,10149,302,1,3500.0,0.0,630.0,4130.0
215,10149,201,1,1800.0,0.0,324.0,2124.0
216,10150,203,1,2609.14,260.91,422.68,2770.91
217,10151,101,1,446.04,0.0,80.29,526.33
218,10152,201,1,1800.0,180.0,291.6,1911.6
219,10153,302,1,3500.0,175.0,598.5,3923.5
220,10153,402,1,3900.0,585.0,596.7,3911.7
221,10153,103,1,500.42,75.06,76.56,501.92
222,10154,101,1,446.04,0.0,80.29,526.33
223,10154,402,1,4307.82,0.0,775.41,5083.23
224,10154,301,1,3415.1,512.26,522.51,3425.35
225,10155,401,1,4200.0,0.0,756.0,4956.0
226,10156,103,2,500.42,150.13,153.13,1003.84
227,10156,102,1,550.0,0.0,99.0,649.0
228,10157,301,1,3415.1,0.0,614.72,4029.82
229,10158,101,1,446.04,44.6,72.26,473.7
230,10158,102,1,550.0,0.0,99.0,649.0
231,10159,203,2,2609.14,0.0,939.29,6157.57
232,10159,102,1,550.0,82.5,84.15,551.65
233,10160,402,1,3900.0,195.0,666.9,4371.9
234,10160,101,1,446.04,0.0,80.29,526.33
235,10161,301,1,3415.1,512.26,522.51,3425.35
236,10162,301,1,3200.0,0.0,576.0,3776.0
237,10163,202,2,2200.0,440.0,712.8,4672.8
238,10164,402,1,3900.0,0.0,702.0,4602.0
239,10165,103,1,500.42,25.02,85.57,560.97
240,10166,202,1,2200.0,0.0,396.0,2596.0
241,10167,102,1,550.0,27.5,94.05,616.55
242,10168,401,1,4200.0,0.0,756.0,4956.0
243,10168,201,1,1800.0,0.0,324.0,2124.0
244,10169,202,1,2200.0,220.0,356.4,2336.4
245,10170,201,1,1800.0,0.0,324.0,2124.0
246,10171,203,1,2400.0,360.0,367.2,2407.2
247,10171,302,1,3500.0,175.0,598.5,3923.5
248,10172,202,1,2200.0,110.0,376.2,2466.2
249,10172,302,2,3500.0,700.0,1134.0,7434.0
250,10172,201,1,1958.69,293.8,299.68,1964.57
251,10173,302,2,3500.0,0.0,1260.0,8260.0
252,10173,201,2,1800.0,360.0,583.2,3823.2
253,10173,402,1,3900.0,0.0,702.0,4602.0
254,10174,102,3,550.0,165.0,267.3,1752.3
255,10174,302,1,3500.0,525.0,535.5,3510.5
256,10175,401,1,4495.66,0.0,809.22,5304.88
257,10175,102,1,550.0,27.5,94.05,616.55
258,10176,301,1,3200.0,0.0,576.0,3776.0
259,10176,102,1,550.0,82.5,84.15,551.65
260,10176,101,1,420.0,63.0,64.26,421.26
261,10177,101,1,420.0,21.0,71.82,470.82
262,10178,201,1,1800.0,90.0,307.8,2017.8
263,10179,102,1,550.0,27.5,94.05,616.55
264,10180,301,3,3415.1,0.0,1844.15,12089.45
265,10181,301,1,3415.1,0.0,614.72,4029.82
266,10182,201,1,1800.0,90.0,307.8,2017.8
267,10183,203,1,2609.14,260.91,422.68,2770.91
268,10184,201,1,1958.69,0.0,352.56,2311.25
269,10185,301,1,3200.0,480.0,489.6,3209.6
270,10186,302,1,3500.0,175.0,598.5,3923.5
271,10187,302,1,3500.0,350.0,567.0,3717.0
272,10188,202,1,2200.0,110.0,376.2,2466.2
273,10189,202,2,2200.0,220.0,752.4,4932.4
274,10190,201,2,1800.0,0.0,648.0,4248.0
275,10190,202,1,2200.0,110.0,376.2,2466.2
276,10191,402,1,3900.0,0.0,702.0,4602.0
277,10191,301,2,3200.0,0.0,1152.0,7552.0
278,10192,202,1,2200.0,110.0,376.2,2466.2
279,10193,103,1,500.42,25.02,85.57,560.97
280,10193,402,2,3900.0,780.0,1263.6,8283.6
281,10194,102,1,550.0,27.5,94.05,616.55
282,10195,102,1,550.0,27.5,94.05,616.55
283,10195,302,2,3500.0,1050.0,1071.0,7021.0
284,10196,203,1,2609.14,391.37,399.2,2616.97
285,10196,401,2,4200.0,420.0,1436.4,9416.4
286,10197,103,1,500.42,0.0,90.08,590.5
287,10198,203,1,2609.14,130.46,446.16,2924.84
288,10199,102,1,550.0,0.0,99.0,649.0
289,10200,203,2,2400.0,480.0,777.6,5097.6
290,10201,102,1,550.0,27.5,94.05,616.55
291,10201,402,1,4307.82,0.0,775.41,5083.23
292,10202,201,1,1958.69,0.0,352.56,2311.25
293,10203,102,1,550.0,55.0,89.1,584.1
294,10204,402,1,3900.0,585.0,596.7,3911.7
295,10205,202,2,2200.0,0.0,792.0,5192.0
296,10205,101,1,420.0,0.0,75.6,495.6
297,10206,203,2,2400.0,720.0,734.4,4814.4
298,10206,103,1,480.0,72.0,73.44,481.44
299,10206,301,1,3200.0,320.0,518.4,3398.4
300,10207,101,2,420.0,84.0,136.08,892.08
301,10208,401,1,4495.66,0.0,809.22,5304.88
302,10209,103,1,480.0,0.0,86.4,566.4
303,10209,401,1,4200.0,420.0,680.4,4460.4
304,10209,203,1,2400.0,0.0,432.0,2832.0
305,10210,103,1,480.0,0.0,86.4,566.4
306,10211,103,1,500.42,25.02,85.57,560.97
307,10212,402,1,3900.0,390.0,631.8,4141.8
308,10213,202,2,2200.0,660.0,673.2,4413.2
309,10214,302,1,3500.0,0.0,630.0,4130.0
310,10215,203,1,2400.0,0.0,432.0,2832.0
311,10216,102,2,550.0,55.0,188.1,1233.1
312,10216,302,1,3500.0,525.0,535.5,3510.5
313,10216,202,1,2200.0,110.0,376.2,2466.2
314,10217,402,3,3900.0,0.0,2106.0,13806.0
315,10218,203,1,2609.14,0.0,469.65,3078.79
316,10219,101,3,420.0,0.0,226.8,1486.8
317,10220,203,3,2609.14,0.0,1408.94,9236.36
318,10220,302,1,3500.0,525.0,535.5,3510.5
319,10221,202,2,2200.0,440.0,712.8,4672.8
320,10222,103,1,500.42,50.04,81.07,531.45
321,10222,102,1,550.0,55.0,89.1,584.1
322,10222,402,1,4307.82,215.39,736.64,4829.07
323,10223,202,2,2200.0,660.0,673.2,4413.2
324,10224,301,1,3200.0,160.0,547.2,3587.2
325,10224,401,2,4200.0,0.0,1512.0,9912.0
326,10224,101,1,420.0,42.0,68.04,446.04
327,10225,103,1,500.42,0.0,90.08,590.5
328,10225,102,1,550.0,55.0,89.1,584.1
329,10226,102,1,550.0,55.0,89.1,584.1
330,10227,402,1,3900.0,390.0,631.8,4141.8
331,10228,202,2,2200.0,0.0,792.0,5192.0
332,10228,402,1,3900.0,585.0,596.7,3911.7
333,10228,302,1,3500.0,175.0,598.5,3923.5
334,10229,301,1,3415.1,512.26,522.51,3425.35
335,10230,302,1,3500.0,525.0,535.5,3510.5
336,10231,101,2,446.04,44.6,152.55,1000.03
337,10232,102,1,550.0,0.0,99.0,649.0
338,10232,201,2,1800.0,0.0,648.0,4248.0
339,10232,401,1,4200.0,420.0,680.4,4460.4
340,10233,101,1,420.0,0.0,75.6,495.6
341,10233,203,2,2400.0,480.0,777.6,5097.6
342,10233,103,1,480.0,0.0,86.4,566.4
343,10234,302,1,3500.0,525.0,535.5,3510.5
344,10235,103,1,480.0,0.0,86.4,566.4
345,10236,203,1,2400.0,0.0,432.0,2832.0
346,10237,402,2,3900.0,780.0,1263.6,8283.6
347,10238,402,1,3900.0,195.0,666.9,4371.9
348,10238,101,2,420.0,126.0,128.52,842.52
349,10239,203,1,2400.0,0.0,432.0,2832.0
350,10240,203,2,2609.14,0.0,939.29,6157.57
351,10240,202,1,2200.0,220.0,356.4,2336.4
352,10241,102,2,550.0,165.0,168.3,1103.3
353,10242,203,1,2609.14,0.0,469.65,3078.79
354,10243,102,1,550.0,82.5,84.15,551.65
355,10244,102,1,550.0,0.0,99.0,649.0
356,10245,101,1,446.04,66.91,68.24,447.37
357,10246,402,1,3900.0,0.0,702.0,4602.0
358,10247,202,1,2200.0,110.0,376.2,2466.2
359,10247,301,1,3200.0,480.0,489.6,3209.6
360,10248,302,1,3500.0,0.0,630.0,4130.0
361,10249,203,2,2400.0,480.0,777.6,5097.6
362,10250,302,1,3500.0,350.0,567.0,3717.0
363,10250,201,2,1800.0,0.0,648.0,4248.0
364,10250,402,1,3900.0,585.0,596.7,3911.7
365,10251,103,3,500.42,0.0,270.23,1771.49
366,10252,103,2,480.0,48.0,164.16,1076.16
367,10253,401,2,4200.0,0.0,1512.0,9912.0
368,10253,302,2,3500.0,1050.0,1071.0,7021.0
369,10254,402,2,3900.0,0.0,1404.0,9204.0
370,10255,202,1,2200.0,330.0,336.6,2206.6
371,10255,301,1,3200.0,0.0,576.0,3776.0
372,10256,203,1,2400.0,0.0,432.0,2832.0
373,10257,302,2,3500.0,0.0,1260.0,8260.0
374,10258,301,1,3200.0,0.0,576.0,3776.0
375,10259,401,1,4200.0,630.0,642.6,4212.6
376,10259,103,1,480.0,72.0,73.44,481.44
377,10260,201,1,1800.0,90.0,307.8,2017.8
378,10260,101,1,446.04,22.3,76.27,500.01
379,10261,201,1,1800.0,180.0,291.6,1911.6
380,10261,203,1,2400.0,240.0,388.8,2548.8
381,10262,102,1,550.0,0.0,99.0,649.0
382,10262,202,1,2200.0,330.0,336.6,2206.6
383,10263,101,1,420.0,0.0,75.6,495.6
384,10264,202,2,2200.0,220.0,752.4,4932.4
385,10264,301,1,3415.1,0.0,614.72,4029.82
386,10265,203,1,2609.14,391.37,399.2,2616.97
387,10266,202,1,2200.0,110.0,376.2,2466.2
388,10267,402,1,3900.0,0.0,702.0,4602.0
389,10267,301,1,3200.0,320.0,518.4,3398.4
390,10268,402,2,3900.0,390.0,1333.8,8743.8
391,10269,103,2,500.42,150.13,153.13,1003.84
392,10270,401,2,4200.0,420.0,1436.4,9416.4
393,10270,103,1,480.0,0.0,86.4,566.4
394,10271,402,1,3900.0,0.0,702.0,4602.0
395,10272,301,1,3415.1,341.51,553.25,3626.84
396,10273,103,2,480.0,96.0,155.52,1019.52
397,10274,103,1,480.0,0.0,86.4,566.4
398,10275,302,1,3500.0,0.0,630.0,4130.0
399,10276,101,1,446.04,0.0,80.29,526.33
400,10277,101,1,420.0,21.0,71.82,470.82
401,10278,302,1,3500.0,0.0,630.0,4130.0
402,10279,101,1,420.0,0.0,75.6,495.6
403,10280,402,1,3900.0,0.0,702.0,4602.0
404,10280,101,1,420.0,0.0,75.6,495.6
405,10281,103,1,480.0,0.0,86.4,566.4
406,10282,102,1,550.0,82.5,84.15,551.65
407,10283,401,1,4200.0,420.0,680.4,4460.4
408,10283,201,1,1800.0,0.0,324.0,2124.0
409,10284,102,2,550.0,165.0,168.3,1103.3
410,10285,102,1,550.0,55.0,89.1,584.1
411,10285,202,3,2200.0,330.0,1128.6,7398.6
412,10286,203,1,2400.0,0.0,432.0,2832.0
413,10286,402,1,3900.0,0.0,702.0,4602.0
414,10287,202,2,2200.0,0.0,792.0,5192.0
415,10287,102,1,550.0,55.0,89.1,584.1
416,10287,203,3,2400.0,360.0,1231.2,8071.2
417,10288,103,2,480.0,96.0,155.52,1019.52
418,10288,102,2,550.0,110.0,178.2,1168.2
419,10288,301,1,3200.0,320.0,518.4,3398.4
420,10289,301,1,3200.0,0.0,576.0,3776.0
421,10290,402,1,3900.0,0.0,702.0,4602.0
422,10291,103,1,500.42,50.04,81.07,531.45
423,10292,101,1,446.04,44.6,72.26,473.7
424,10292,401,1,4200.0,0.0,756.0,4956.0
425,10292,201,1,1800.0,180.0,291.6,1911.6
426,10293,101,1,446.04,66.91,68.24,447.37
427,10293,102,1,550.0,0.0,99.0,649.0
428,10293,301,2,3415.1,1024.53,1045.02,6850.69
429,10294,203,2,2609.14,260.91,892.33,5849.7
430,10294,101,1,446.04,66.91,68.24,447.37
431,10294,201,1,1958.69,97.93,334.94,2195.7
432,10295,202,1,2200.0,0.0,396.0,2596.0
433,10295,401,1,4200.0,0.0,756.0,4956.0
434,10296,301,1,3415.1,0.0,614.72,4029.82
435,10297,302,1,3500.0,525.0,535.5,3510.5
436,10297,402,1,3900.0,390.0,631.8,4141.8
437,10298,103,1,480.0,72.0,73.44,481.44
438,10298,402,1,3900.0,195.0,666.9,4371.9
439,10298,401,1,4200.0,420.0,680.4,4460.4
440,10299,302,1,3500.0,525.0,535.5,3510.5
441,10299,103,1,500.42,75.06,76.56,501.92
442,10299,401,2,4200.0,1260.0,1285.2,8425.2
443,10300,103,1,500.42,25.02,85.57,560.97
444,10300,402,1,4307.82,215.39,736.64,4829.07
445,10301,301,1,3415.1,0.0,614.72,4029.82
446,10301,101,1,446.04,0.0,80.29,526.33
447,10302,202,1,2200.0,110.0,376.2,2466.2
448,10302,103,1,500.42,75.06,76.56,501.92
449,10302,101,1,446.04,44.6,72.26,473.7
450,10303,202,1,2200.0,0.0,396.0,2596.0
451,10304,202,1,2200.0,220.0,356.4,2336.4
452,10305,103,3,480.0,0.0,259.2,1699.2
453,10306,202,1,2200.0,330.0,336.6,2206.6
454,10307,203,1,2400.0,360.0,367.2,2407.2
455,10308,103,1,500.42,75.06,76.56,501.92
456,10309,203,1,2400.0,0.0,432.0,2832.0
457,10309,402,3,3900.0,1755.0,1790.1,11735.1
458,10310,402,2,3900.0,0.0,1404.0,9204.0
459,10311,401,2,4200.0,420.0,1436.4,9416.4
460,10312,102,2,550.0,0.0,198.0,1298.0
461,10313,301,1,3415.1,341.51,553.25,3626.84
462,10313,102,1,550.0,0.0,99.0,649.0
463,10314,101,1,446.04,22.3,76.27,500.01
464,10315,301,1,3415.1,0.0,614.72,4029.82
465,10316,402,1,3900.0,0.0,702.0,4602.0
466,10316,101,1,446.04,66.91,68.24,447.37
467,10317,101,1,420.0,63.0,64.26,421.26
468,10318,203,3,2400.0,0.0,1296.0,8496.0
469,10319,102,1,550.0,27.5,94.05,616.55
470,10320,202,1,2200.0,330.0,336.6,2206.6
471,10320,201,2,1800.0,540.0,550.8,3610.8
472,10321,402,1,3900.0,195.0,666.9,4371.9
473,10322,203,1,2400.0,120.0,410.4,2690.4
474,10322,302,1,3500.0,0.0,630.0,4130.0
475,10322,401,1,4200.0,210.0,718.2,4708.2
476,10323,301,2,3200.0,0.0,1152.0,7552.0
477,10323,202,1,2200.0,110.0,376.2,2466.2
478,10324,103,1,500.42,0.0,90.08,590.5
479,10325,101,1,420.0,63.0,64.26,421.26
480,10325,401,1,4200.0,630.0,642.6,4212.6
481,10326,103,1,480.0,72.0,73.44,481.44
482,10326,203,1,2400.0,120.0,410.4,2690.4
483,10327,402,2,3900.0,0.0,1404.0,9204.0
484,10327,103,1,480.0,0.0,86.4,566.4
485,10328,302,1,3500.0,175.0,598.5,3923.5
486,10329,302,2,3500.0,0.0,1260.0,8260.0
487,10330,402,1,4307.82,430.78,697.87,4574.91
488,10331,203,2,2400.0,240.0,820.8,5380.8
489,10332,201,1,1800.0,90.0,307.8,2017.8
490,10333,301,1,3200.0,320.0,518.4,3398.4
491,10333,203,1,2400.0,240.0,388.8,2548.8
492,10334,402,1,3900.0,585.0,596.7,3911.7
493,10335,301,1,3200.0,480.0,489.6,3209.6
494,10336,103,2,500.42,150.13,153.13,1003.84
495,10336,201,1,1958.69,293.8,299.68,1964.57
496,10337,402,1,3900.0,0.0,702.0,4602.0
497,10337,102,1,550.0,0.0,99.0,649.0
498,10337,201,1,1800.0,270.0,275.4,1805.4
499,10338,401,2,4495.66,0.0,1618.44,10609.76
500,10338,402,1,4307.82,0.0,775.41,5083.23
501,10339,401,1,4495.66,449.57,728.3,4774.39
502,10339,301,2,3415.1,683.02,1106.49,7253.67
503,10340,201,2,1800.0,0.0,648.0,4248.0
504,10341,101,1,420.0,0.0,75.6,495.6
505,10341,401,1,4200.0,0.0,756.0,4956.0
506,10342,202,2,2200.0,440.0,712.8,4672.8
507,10342,402,1,4307.82,646.17,659.1,4320.75
508,10343,401,1,4200.0,210.0,718.2,4708.2
509,10344,102,1,550.0,0.0,99.0,649.0
510,10344,201,1,1800.0,270.0,275.4,1805.4
511,10345,103,2,500.42,100.08,162.14,1062.9
512,10345,302,1,3500.0,175.0,598.5,3923.5
513,10346,401,1,4200.0,630.0,642.6,4212.6
514,10346,202,1,2200.0,0.0,396.0,2596.0
515,10347,402,1,4307.82,0.0,775.41,5083.23
516,10348,102,1,550.0,55.0,89.1,584.1
517,10348,202,1,2200.0,0.0,396.0,2596.0
518,10348,301,1,3415.1,0.0,614.72,4029.82
519,10349,202,1,2200.0,0.0,396.0,2596.0
520,10350,401,1,4200.0,210.0,718.2,4708.2
521,10351,301,2,3200.0,320.0,1094.4,7174.4
522,10351,302,3,3500.0,1050.0,1701.0,11151.0
523,10352,201,1,1958.69,0.0,352.56,2311.25
524,10353,102,1,550.0,27.5,94.05,616.55
525,10354,202,2,2200.0,0.0,792.0,5192.0
526,10354,103,1,480.0,0.0,86.4,566.4
527,10355,203,2,2400.0,0.0,864.0,5664.0
528,10355,103,2,480.0,96.0,155.52,1019.52
529,10356,302,1,3500.0,525.0,535.5,3510.5
530,10356,202,1,2200.0,0.0,396.0,2596.0
531,10357,301,2,3415.1,0.0,1229.44,8059.64
532,10358,201,1,1800.0,0.0,324.0,2124.0
533,10359,302,3,3500.0,525.0,1795.5,11770.5
534,10360,301,1,3200.0,0.0,576.0,3776.0
535,10361,401,2,4495.66,0.0,1618.44,10609.76
536,10361,301,1,3415.1,0.0,614.72,4029.82
537,10362,202,1,2200.0,330.0,336.6,2206.6
538,10362,402,1,3900.0,0.0,702.0,4602.0
539,10363,102,1,550.0,27.5,94.05,616.55
540,10363,302,1,3500.0,525.0,535.5,3510.5
541,10364,402,1,3900.0,585.0,596.7,3911.7
542,10364,201,1,1800.0,90.0,307.8,2017.8
543,10365,301,1,3200.0,0.0,576.0,3776.0
544,10365,202,2,2200.0,220.0,752.4,4932.4
545,10366,203,1,2609.14,130.46,446.16,2924.84
546,10367,203,3,2609.14,782.74,1268.04,8312.72
547,10367,401,1,4495.66,0.0,809.22,5304.88
548,10368,301,1,3200.0,0.0,576.0,3776.0
549,10369,402,1,3900.0,390.0,631.8,4141.8
550,10370,103,1,480.0,24.0,82.08,538.08
551,10371,401,1,4200.0,630.0,642.6,4212.6
552,10371,103,1,480.0,72.0,73.44,481.44
553,10371,302,1,3500.0,175.0,598.5,3923.5
554,10372,103,1,500.42,0.0,90.08,590.5
555,10373,302,1,3500.0,350.0,567.0,3717.0
556,10373,402,2,3900.0,1170.0,1193.4,7823.4
557,10374,103,1,480.0,48.0,77.76,509.76
558,10375,402,2,3900.0,390.0,1333.8,8743.8
559,10376,202,1,2200.0,220.0,356.4,2336.4
560,10377,103,1,500.42,75.06,76.56,501.92
561,10378,201,1,1800.0,180.0,291.6,1911.6
562,10378,102,1,550.0,55.0,89.1,584.1
563,10379,103,1,480.0,48.0,77.76,509.76
564,10380,101,3,420.0,0.0,226.8,1486.8
565,10380,102,1,550.0,55.0,89.1,584.1
566,10381,201,1,1800.0,90.0,307.8,2017.8
567,10382,101,2,420.0,0.0,151.2,991.2
568,10383,301,2,3200.0,0.0,1152.0,7552.0
569,10384,302,1,3500.0,525.0,535.5,3510.5
570,10385,201,1,1800.0,270.0,275.4,1805.4
571,10386,103,1,500.42,0.0,90.08,590.5
572,10387,103,1,500.42,25.02,85.57,560.97
573,10388,202,1,2200.0,220.0,356.4,2336.4
574,10389,201,1,1800.0,270.0,275.4,1805.4
575,10389,203,2,2400.0,0.0,864.0,5664.0
576,10390,203,1,2609.14,391.37,399.2,2616.97
577,10391,302,1,3500.0,0.0,630.0,4130.0
578,10392,102,2,550.0,0.0,198.0,1298.0
579,10392,101,1,446.04,0.0,80.29,526.33
580,10393,101,1,446.04,0.0,80.29,526.33
581,10393,202,2,2200.0,0.0,792.0,5192.0
582,10394,401,1,4200.0,630.0,642.6,4212.6
583,10395,301,1,3415.1,0.0,614.72,4029.82
584,10395,102,1,550.0,82.5,84.15,551.65
585,10396,203,2,2400.0,480.0,777.6,5097.6
586,10397,401,2,4495.66,449.57,1537.51,10079.26
587,10398,402,3,3900.0,585.0,2000.7,13115.7
588,10398,101,1,420.0,0.0,75.6,495.6
589,10398,103,1,480.0,24.0,82.08,538.08
590,10399,103,1,480.0,72.0,73.44,481.44
591,10400,201,1,1800.0,90.0,307.8,2017.8
592,10401,402,1,3900.0,0.0,702.0,4602.0
593,10402,201,1,1800.0,180.0,291.6,1911.6
594,10402,101,1,420.0,63.0,64.26,421.26
595,10403,301,3,3200.0,1440.0,1468.8,9628.8
596,10404,203,1,2609.14,391.37,399.2,2616.97
597,10405,103,1,480.0,0.0,86.4,566.4
598,10405,402,1,3900.0,585.0,596.7,3911.7
599,10406,203,1,2400.0,240.0,388.8,2548.8
600,10406,102,1,550.0,27.5,94.05,616.55
601,10407,203,1,2400.0,240.0,388.8,2548.8
602,10408,203,1,2609.14,0.0,469.65,3078.79
603,10409,102,1,550.0,55.0,89.1,584.1
604,10410,402,1,3900.0,0.0,702.0,4602.0
605,10411,402,1,4307.82,430.78,697.87,4574.91
606,10412,101,2,446.04,89.21,144.52,947.39
607,10412,202,1,2200.0,220.0,356.4,2336.4
608,10413,401,3,4495.66,2023.05,2063.51,13527.44
609,10414,301,1,3415.1,0.0,614.72,4029.82
610,10415,202,2,2200.0,0.0,792.0,5192.0
611,10415,301,2,3200.0,320.0,1094.4,7174.4
612,10416,401,1,4200.0,630.0,642.6,4212.6
613,10416,201,1,1800.0,90.0,307.8,2017.8
614,10417,201,2,1958.69,195.87,669.87,4391.38
615,10418,402,1,4307.82,646.17,659.1,4320.75
616,10418,103,1,500.42,0.0,90.08,590.5
617,10419,202,1,2200.0,0.0,396.0,2596.0
618,10419,302,1,3500.0,0.0,630.0,4130.0
619,10419,402,1,3900.0,585.0,596.7,3911.7
620,10420,203,1,2609.14,260.91,422.68,2770.91
621,10420,102,1,550.0,82.5,84.15,551.65
622,10421,201,1,1800.0,0.0,324.0,2124.0
623,10422,302,2,3500.0,700.0,1134.0,7434.0
624,10423,301,1,3415.1,512.26,522.51,3425.35
625,10423,203,1,2609.14,391.37,399.2,2616.97
626,10424,201,1,1958.69,0.0,352.56,2311.25
627,10424,401,1,4495.66,674.35,687.84,4509.15
628,10425,202,1,2200.0,110.0,376.2,2466.2
629,10425,302,1,3500.0,0.0,630.0,4130.0
630,10426,401,1,4495.66,674.35,687.84,4509.15
631,10427,302,1,3500.0,0.0,630.0,4130.0
632,10428,102,1,550.0,55.0,89.1,584.1
633,10428,402,1,3900.0,0.0,702.0,4602.0
634,10429,103,2,500.42,150.13,153.13,1003.84
635,10430,202,1,2200.0,220.0,356.4,2336.4
636,10431,202,1,2200.0,220.0,356.4,2336.4
637,10431,101,1,420.0,0.0,75.6,495.6
638,10432,302,1,3500.0,525.0,535.5,3510.5
639,10433,103,1,480.0,24.0,82.08,538.08
640,10434,301,3,3200.0,0.0,1728.0,11328.0
641,10435,102,1,550.0,55.0,89.1,584.1
642,10435,202,2,2200.0,440.0,712.8,4672.8
643,10435,203,2,2609.14,0.0,939.29,6157.57
644,10436,301,1,3200.0,0.0,576.0,3776.0
645,10437,203,1,2609.14,391.37,399.2,2616.97
646,10438,103,2,500.42,0.0,180.15,1180.99
647,10439,102,2,550.0,110.0,178.2,1168.2
648,10439,201,1,1958.69,97.93,334.94,2195.7
649,10440,102,1,550.0,82.5,84.15,551.65
650,10441,402,1,3900.0,0.0,702.0,4602.0
651,10442,101,1,420.0,42.0,68.04,446.04
652,10442,103,2,480.0,144.0,146.88,962.88
653,10442,302,2,3500.0,700.0,1134.0,7434.0
654,10443,101,1,446.04,22.3,76.27,500.01
655,10444,401,1,4200.0,0.0,756.0,4956.0
656,10444,103,2,480.0,48.0,164.16,1076.16
657,10444,301,1,3200.0,160.0,547.2,3587.2
658,10445,202,1,2200.0,110.0,376.2,2466.2
659,10446,101,2,420.0,126.0,128.52,842.52
660,10447,103,2,480.0,144.0,146.88,962.88
661,10447,102,1,550.0,0.0,99.0,649.0
662,10448,101,1,420.0,63.0,64.26,421.26
663,10449,202,1,2200.0,0.0,396.0,2596.0
664,10450,102,1,550.0,27.5,94.05,616.55
665,10450,202,1,2200.0,330.0,336.6,2206.6
666,10451,202,1,2200.0,0.0,396.0,2596.0
667,10452,302,2,3500.0,0.0,1260.0,8260.0
668,10453,402,1,3900.0,195.0,666.9,4371.9
669,10453,302,1,3500.0,0.0,630.0,4130.0
670,10454,302,1,3500.0,350.0,567.0,3717.0
671,10454,102,1,550.0,0.0,99.0,649.0
672,10455,203,1,2400.0,0.0,432.0,2832.0
673,10455,302,1,3500.0,175.0,598.5,3923.5
674,10456,301,2,3415.1,0.0,1229.44,8059.64
675,10457,201,1,1800.0,270.0,275.4,1805.4
676,10458,301,1,3200.0,0.0,576.0,3776.0
677,10458,203,1,2400.0,0.0,432.0,2832.0
678,10459,102,2,550.0,0.0,198.0,1298.0
679,10460,101,1,420.0,0.0,75.6,495.6
680,10461,402,1,3900.0,0.0,702.0,4602.0
681,10462,301,1,3415.1,512.26,522.51,3425.35
682,10462,203,3,2609.14,782.74,1268.04,8312.72
683,10462,102,2,550.0,55.0,188.1,1233.1
684,10463,202,2,2200.0,0.0,792.0,5192.0
685,10464,401,1,4200.0,0.0,756.0,4956.0
686,10465,103,3,500.42,0.0,270.23,1771.49
687,10465,202,1,2200.0,0.0,396.0,2596.0
688,10466,301,2,3415.1,1024.53,1045.02,6850.69
689,10467,201,1,1800.0,270.0,275.4,1805.4
690,10468,401,1,4200.0,0.0,756.0,4956.0
691,10469,102,1,550.0,0.0,99.0,649.0
692,10469,103,1,480.0,72.0,73.44,481.44
693,10469,202,1,2200.0,220.0,356.4,2336.4
694,10470,101,1,446.04,66.91,68.24,447.37
695,10471,101,1,446.04,66.91,68.24,447.37
696,10472,202,2,2200.0,660.0,673.2,4413.2
697,10473,202,1,2200.0,110.0,376.2,2466.2
698,10473,402,1,3900.0,195.0,666.9,4371.9
699,10474,203,1,2400.0,0.0,432.0,2832.0
700,10474,103,1,480.0,72.0,73.44,481.44
701,10475,301,1,3200.0,320.0,518.4,3398.4
702,10475,402,1,3900.0,0.0,702.0,4602.0
703,10476,302,1,3500.0,175.0,598.5,3923.5
704,10477,103,1,500.42,50.04,81.07,531.45
705,10478,401,1,4200.0,420.0,680.4,4460.4
706,10479,402,1,4307.82,0.0,775.41,5083.23
707,10480,101,1,446.04,0.0,80.29,526.33
708,10481,202,1,2200.0,0.0,396.0,2596.0
709,10482,102,2,550.0,0.0,198.0,1298.0
710,10482,402,1,3900.0,585.0,596.7,3911.7
711,10482,401,2,4200.0,0.0,1512.0,9912.0
712,10483,202,1,2200.0,110.0,376.2,2466.2
713,10483,301,1,3200.0,0.0,576.0,3776.0
714,10484,202,1,2200.0,0.0,396.0,2596.0
715,10485,401,2,4200.0,0.0,1512.0,9912.0
716,10486,202,2,2200.0,0.0,792.0,5192.0
717,10487,203,2,2609.14,782.74,798.4,5233.94
718,10488,101,1,420.0,42.0,68.04,446.04
719,10489,102,1,550.0,27.5,94.05,616.55
720,10490,201,2,1800.0,180.0,615.6,4035.6
721,10490,202,1,2200.0,220.0,356.4,2336.4
722,10490,301,1,3200.0,0.0,576.0,3776.0
723,10491,202,1,2200.0,220.0,356.4,2336.4
724,10491,302,3,3500.0,0.0,1890.0,12390.0
725,10492,201,2,1800.0,540.0,550.8,3610.8
726,10493,302,1,3500.0,525.0,535.5,3510.5
727,10493,101,1,446.04,0.0,80.29,526.33
728,10494,103,2,480.0,0.0,172.8,1132.8
729,10495,301,1,3200.0,480.0,489.6,3209.6
730,10496,102,1,550.0,55.0,89.1,584.1
731,10497,402,1,3900.0,0.0,702.0,4602.0
732,10498,402,1,3900.0,390.0,631.8,4141.8
733,10498,202,1,2200.0,0.0,396.0,2596.0
734,10499,101,1,420.0,63.0,64.26,421.26
735,10499,103,3,480.0,72.0,246.24,1614.24
736,10500,401,1,4200.0,0.0,756.0,4956.0
737,10500,402,1,3900.0,0.0,702.0,4602.0
738,10501,203,1,2400.0,240.0,388.8,2548.8
739,10502,103,1,480.0,0.0,86.4,566.4
740,10502,402,1,3900.0,0.0,702.0,4602.0
741,10502,101,1,420.0,63.0,64.26,421.26
742,10503,102,1,550.0,0.0,99.0,649.0
743,10504,302,1,3500.0,350.0,567.0,3717.0
744,10505,201,1,1800.0,90.0,307.8,2017.8
745,10506,102,2,550.0,110.0,178.2,1168.2
746,10507,402,1,3900.0,585.0,596.7,3911.7
747,10507,103,2,500.42,0.0,180.15,1180.99
748,10508,301,1,3415.1,0.0,614.72,4029.82
749,10509,101,1,420.0,42.0,68.04,446.04
750,10509,301,1,3200.0,480.0,489.6,3209.6
751,10509,402,1,3900.0,585.0,596.7,3911.7
752,10510,101,1,446.04,44.6,72.26,473.7
753,10511,202,1,2200.0,220.0,356.4,2336.4
754,10512,301,2,3415.1,341.51,1167.96,7656.65
755,10512,103,1,500.42,0.0,90.08,590.5
756,10513,202,1,2200.0,330.0,336.6,2206.6
757,10514,101,2,446.04,44.6,152.55,1000.03
758,10514,401,2,4495.66,0.0,1618.44,10609.76
759,10515,102,1,550.0,0.0,99.0,649.0
760,10515,401,1,4200.0,210.0,718.2,4708.2
761,10516,201,1,1800.0,90.0,307.8,2017.8
762,10516,203,1,2400.0,240.0,388.8,2548.8
763,10517,102,1,550.0,82.5,84.15,551.65
764,10518,302,1,3500.0,350.0,567.0,3717.0
765,10519,302,2,3500.0,1050.0,1071.0,7021.0
766,10519,103,3,480.0,0.0,259.2,1699.2
767,10520,101,1,420.0,0.0,75.6,495.6
768,10521,203,1,2400.0,360.0,367.2,2407.2
769,10521,302,2,3500.0,700.0,1134.0,7434.0
770,10522,202,1,2200.0,110.0,376.2,2466.2
771,10523,103,1,480.0,0.0,86.4,566.4
772,10523,401,2,4200.0,0.0,1512.0,9912.0
773,10524,203,1,2400.0,360.0,367.2,2407.2
774,10525,103,1,500.42,0.0,90.08,590.5
775,10526,401,3,4200.0,630.0,2154.6,14124.6
776,10527,302,1,3500.0,350.0,567.0,3717.0
777,10527,203,2,2609.14,0.0,939.29,6157.57
778,10528,102,1,550.0,82.5,84.15,551.65
779,10529,102,1,550.0,55.0,89.1,584.1
780,10530,401,2,4495.66,449.57,1537.51,10079.26
781,10530,101,1,446.04,44.6,72.26,473.7
782,10531,302,2,3500.0,0.0,1260.0,8260.0
783,10532,301,2,3200.0,960.0,979.2,6419.2
784,10532,103,1,480.0,0.0,86.4,566.4
785,10533,301,1,3200.0,160.0,547.2,3587.2
786,10534,301,1,3415.1,341.51,553.25,3626.84
787,10535,101,1,420.0,21.0,71.82,470.82
788,10536,201,2,1958.69,391.74,634.62,4160.26
789,10536,101,3,446.04,0.0,240.86,1578.98
790,10536,102,1,550.0,27.5,94.05,616.55
791,10537,102,2,550.0,0.0,198.0,1298.0
792,10537,203,1,2609.14,0.0,469.65,3078.79
793,10537,101,1,446.04,0.0,80.29,526.33
794,10538,202,1,2200.0,0.0,396.0,2596.0
795,10539,203,2,2609.14,260.91,892.33,5849.7
796,10540,202,1,2200.0,220.0,356.4,2336.4
797,10541,401,2,4200.0,1260.0,1285.2,8425.2
798,10541,402,1,3900.0,0.0,702.0,4602.0
799,10542,202,1,2200.0,0.0,396.0,2596.0
800,10543,102,1,550.0,0.0,99.0,649.0
801,10544,102,1,550.0,55.0,89.1,584.1
802,10545,202,1,2200.0,110.0,376.2,2466.2
803,10546,201,1,1958.69,97.93,334.94,2195.7
804,10547,401,2,4200.0,1260.0,1285.2,8425.2
805,10548,201,3,1800.0,0.0,972.0,6372.0
806,10549,402,1,3900.0,0.0,702.0,4602.0
807,10550,203,1,2400.0,0.0,432.0,2832.0
808,10551,302,1,3500.0,175.0,598.5,3923.5
809,10552,301,1,3415.1,341.51,553.25,3626.84
810,10553,301,1,3200.0,0.0,576.0,3776.0
811,10553,302,1,3500.0,350.0,567.0,3717.0
812,10554,402,2,3900.0,780.0,1263.6,8283.6
813,10555,301,1,3200.0,480.0,489.6,3209.6
814,10555,203,3,2400.0,720.0,1166.4,7646.4
815,10556,201,1,1800.0,0.0,324.0,2124.0
816,10557,301,1,3200.0,480.0,489.6,3209.6
817,10557,203,1,2400.0,0.0,432.0,2832.0
818,10557,103,1,480.0,72.0,73.44,481.44
819,10558,401,1,4200.0,630.0,642.6,4212.6
820,10559,203,2,2609.14,521.83,845.36,5541.81
821,10560,103,1,500.42,25.02,85.57,560.97
822,10560,302,1,3500.0,350.0,567.0,3717.0
823,10561,301,1,3200.0,480.0,489.6,3209.6
824,10562,103,2,480.0,48.0,164.16,1076.16
825,10563,301,1,3415.1,0.0,614.72,4029.82
826,10563,203,1,2609.14,130.46,446.16,2924.84
827,10563,101,1,446.04,0.0,80.29,526.33
828,10564,301,1,3200.0,320.0,518.4,3398.4
829,10565,203,1,2400.0,240.0,388.8,2548.8
830,10566,202,1,2200.0,220.0,356.4,2336.4
831,10567,402,1,3900.0,0.0,702.0,4602.0
832,10568,401,1,4495.66,0.0,809.22,5304.88
833,10569,203,1,2400.0,120.0,410.4,2690.4
834,10569,201,1,1800.0,180.0,291.6,1911.6
835,10570,201,1,1958.69,195.87,317.31,2080.13
836,10571,203,1,2400.0,0.0,432.0,2832.0
837,10572,301,2,3200.0,0.0,1152.0,7552.0
838,10572,202,1,2200.0,330.0,336.6,2206.6
839,10573,202,1,2200.0,330.0,336.6,2206.6
840,10574,202,1,2200.0,0.0,396.0,2596.0
841,10575,202,2,2200.0,440.0,712.8,4672.8
842,10576,402,2,3900.0,1170.0,1193.4,7823.4
843,10577,402,1,3900.0,0.0,702.0,4602.0
844,10578,202,2,2200.0,0.0,792.0,5192.0
845,10579,302,1,3500.0,175.0,598.5,3923.5
846,10580,402,2,3900.0,0.0,1404.0,9204.0
847,10580,101,1,420.0,0.0,75.6,495.6
848,10581,102,2,550.0,110.0,178.2,1168.2
849,10581,401,1,4200.0,420.0,680.4,4460.4
850,10581,201,2,1800.0,180.0,615.6,4035.6
851,10582,203,1,2400.0,0.0,432.0,2832.0
852,10582,301,2,3200.0,640.0,1036.8,6796.8
853,10582,101,1,420.0,42.0,68.04,446.04
854,10583,402,1,3900.0,585.0,596.7,3911.7
855,10584,103,1,480.0,24.0,82.08,538.08
856,10584,101,1,420.0,0.0,75.6,495.6
857,10585,203,1,2400.0,0.0,432.0,2832.0
858,10585,302,1,3500.0,525.0,535.5,3510.5
859,10586,301,2,3200.0,960.0,979.2,6419.2
860,10587,103,1,480.0,72.0,73.44,481.44
861,10588,402,1,3900.0,585.0,596.7,3911.7
862,10589,202,1,2200.0,220.0,356.4,2336.4
863,10590,201,1,1800.0,0.0,324.0,2124.0
864,10590,301,1,3200.0,160.0,547.2,3587.2
865,10591,302,1,3500.0,175.0,598.5,3923.5
866,10592,401,1,4495.66,224.78,768.76,5039.64
867,10593,401,1,4200.0,210.0,718.2,4708.2
868,10594,302,2,3500.0,700.0,1134.0,7434.0
869,10595,203,1,2400.0,0.0,432.0,2832.0
870,10596,202,1,2200.0,0.0,396.0,2596.0
871,10596,401,1,4200.0,420.0,680.4,4460.4
872,10597,101,1,420.0,0.0,75.6,495.6
873,10598,203,3,2609.14,1174.11,1197.6,7850.91
874,10599,102,1,550.0,27.5,94.05,616.55
875,10600,101,1,420.0,63.0,64.26,421.26
876,10601,101,1,420.0,0.0,75.6,495.6
877,10601,202,1,2200.0,330.0,336.6,2206.6
878,10602,202,1,2200.0,0.0,396.0,2596.0
879,10603,101,2,420.0,42.0,143.64,941.64
880,10604,301,1,3200.0,0.0,576.0,3776.0
881,10605,302,2,3500.0,350.0,1197.0,7847.0
882,10606,302,1,3500.0,350.0,567.0,3717.0
883,10607,402,1,3900.0,390.0,631.8,4141.8
884,10607,103,1,500.42,75.06,76.56,501.92
885,10608,301,1,3200.0,320.0,518.4,3398.4
886,10609,101,1,420.0,0.0,75.6,495.6
887,10610,402,1,3900.0,585.0,596.7,3911.7
888,10610,202,1,2200.0,330.0,336.6,2206.6
889,10611,301,2,3200.0,320.0,1094.4,7174.4
890,10612,103,1,480.0,0.0,86.4,566.4
891,10613,101,1,446.04,44.6,72.26,473.7
892,10614,301,1,3415.1,0.0,614.72,4029.82
893,10614,202,1,2200.0,0.0,396.0,2596.0
894,10615,301,1,3200.0,160.0,547.2,3587.2
895,10615,401,2,4200.0,0.0,1512.0,9912.0
896,10616,302,1,3500.0,350.0,567.0,3717.0
897,10616,402,1,3900.0,0.0,702.0,4602.0
898,10617,301,2,3200.0,960.0,979.2,6419.2
899,10617,402,1,3900.0,585.0,596.7,3911.7
900,10618,101,1,420.0,42.0,68.04,446.04
901,10619,102,1,550.0,27.5,94.05,616.55
902,10619,302,1,3500.0,350.0,567.0,3717.0
903,10620,401,1,4200.0,210.0,718.2,4708.2
904,10621,203,1,2609.14,130.46,446.16,2924.84
905,10621,302,1,3500.0,0.0,630.0,4130.0
906,10621,103,1,500.42,0.0,90.08,590.5
907,10622,302,1,3500.0,0.0,630.0,4130.0
908,10622,202,3,2200.0,330.0,1128.6,7398.6
909,10622,201,2,1800.0,180.0,615.6,4035.6
910,10623,402,1,4307.82,646.17,659.1,4320.75
911,10624,401,2,4200.0,1260.0,1285.2,8425.2
912,10624,202,1,2200.0,0.0,396.0,2596.0
913,10625,402,1,4307.82,0.0,775.41,5083.23
914,10625,102,1,550.0,0.0,99.0,649.0
915,10625,101,2,446.04,0.0,160.57,1052.65
916,10626,203,1,2400.0,0.0,432.0,2832.0
917,10627,302,1,3500.0,525.0,535.5,3510.5
918,10628,201,1,1800.0,270.0,275.4,1805.4
919,10629,401,2,4200.0,840.0,1360.8,8920.8
920,10629,203,1,2609.14,0.0,469.65,3078.79
921,10630,301,2,3415.1,0.0,1229.44,8059.64
922,10631,203,1,2609.14,130.46,446.16,2924.84
923,10631,402,2,3900.0,1170.0,1193.4,7823.4
924,10632,301,2,3200.0,0.0,1152.0,7552.0
925,10632,201,1,1800.0,90.0,307.8,2017.8
926,10633,103,1,500.42,75.06,76.56,501.92
927,10634,203,1,2609.14,130.46,446.16,2924.84
928,10634,202,1,2200.0,0.0,396.0,2596.0
929,10635,402,2,3900.0,0.0,1404.0,9204.0
930,10635,401,1,4200.0,210.0,718.2,4708.2
931,10636,401,1,4495.66,224.78,768.76,5039.64
932,10637,301,2,3415.1,683.02,1106.49,7253.67
933,10638,401,2,4200.0,420.0,1436.4,9416.4
934,10639,301,1,3415.1,0.0,614.72,4029.82
935,10639,103,1,500.42,50.04,81.07,531.45
936,10640,103,2,480.0,48.0,164.16,1076.16
937,10641,103,1,480.0,24.0,82.08,538.08
938,10642,402,1,3900.0,195.0,666.9,4371.9
939,10643,101,1,420.0,63.0,64.26,421.26
940,10644,402,2,3900.0,1170.0,1193.4,7823.4
941,10644,103,1,480.0,48.0,77.76,509.76
942,10645,301,1,3415.1,0.0,614.72,4029.82
943,10646,402,1,4307.82,0.0,775.41,5083.23
944,10646,202,1,2200.0,0.0,396.0,2596.0
945,10647,401,1,4200.0,630.0,642.6,4212.6
946,10647,101,1,420.0,0.0,75.6,495.6
947,10648,101,1,420.0,0.0,75.6,495.6
948,10649,102,1,550.0,0.0,99.0,649.0
949,10650,301,1,3415.1,0.0,614.72,4029.82
950,10651,203,1,2609.14,130.46,446.16,2924.84
951,10652,401,1,4200.0,0.0,756.0,4956.0
952,10653,301,1,3200.0,0.0,576.0,3776.0
953,10654,301,1,3200.0,480.0,489.6,3209.6
954,10655,301,3,3200.0,1440.0,1468.8,9628.8
955,10656,103,1,500.42,50.04,81.07,531.45
956,10656,101,1,446.04,22.3,76.27,500.01
957,10657,401,1,4495.66,224.78,768.76,5039.64
958,10658,201,3,1800.0,270.0,923.4,6053.4
959,10658,401,2,4200.0,420.0,1436.4,9416.4
960,10659,302,3,3500.0,525.0,1795.5,11770.5
961,10660,301,2,3200.0,640.0,1036.8,6796.8
962,10660,401,2,4200.0,1260.0,1285.2,8425.2
963,10661,203,2,2400.0,240.0,820.8,5380.8
964,10661,301,1,3200.0,0.0,576.0,3776.0
965,10662,202,1,2200.0,330.0,336.6,2206.6
966,10662,203,1,2400.0,0.0,432.0,2832.0
967,10663,301,1,3200.0,160.0,547.2,3587.2
968,10664,103,1,500.42,0.0,90.08,590.5
969,10665,401,1,4200.0,420.0,680.4,4460.4
970,10665,202,1,2200.0,0.0,396.0,2596.0
971,10665,302,2,3500.0,350.0,1197.0,7847.0
972,10666,401,2,4200.0,0.0,1512.0,9912.0
973,10667,102,2,550.0,0.0,198.0,1298.0
974,10668,102,1,550.0,55.0,89.1,584.1
975,10669,203,2,2400.0,240.0,820.8,5380.8
976,10670,102,3,550.0,0.0,297.0,1947.0
977,10671,402,1,3900.0,0.0,702.0,4602.0
978,10672,402,2,3900.0,0.0,1404.0,9204.0
979,10673,402,1,4307.82,0.0,775.41,5083.23
980,10673,102,1,550.0,27.5,94.05,616.55
981,10674,201,2,1800.0,0.0,648.0,4248.0
982,10675,103,2,500.42,0.0,180.15,1180.99
983,10676,401,2,4200.0,0.0,1512.0,9912.0
984,10677,103,1,500.42,75.06,76.56,501.92
985,10678,201,1,1800.0,180.0,291.6,1911.6
986,10678,102,1,550.0,55.0,89.1,584.1
987,10679,102,1,550.0,0.0,99.0,649.0
988,10680,201,1,1800.0,90.0,307.8,2017.8
989,10680,302,2,3500.0,700.0,1134.0,7434.0
990,10681,401,1,4200.0,210.0,718.2,4708.2
991,10682,202,1,2200.0,110.0,376.2,2466.2
992,10683,202,2,2200.0,0.0,792.0,5192.0
993,10684,201,1,1958.69,97.93,334.94,2195.7
994,10685,103,2,500.42,0.0,180.15,1180.99
995,10686,402,2,3900.0,390.0,1333.8,8743.8
996,10686,201,1,1800.0,90.0,307.8,2017.8
997,10686,202,2,2200.0,660.0,673.2,4413.2
998,10687,301,2,3415.1,1024.53,1045.02,6850.69
999,10688,302,1,3500.0,350.0,567.0,3717.0
1000,10689,201,1,1800.0,0.0,324.0,2124.0
1001,10690,203,1,2609.14,0.0,469.65,3078.79
1002,10690,202,1,2200.0,330.0,336.6,2206.6
1003,10690,102,1,550.0,82.5,84.15,551.65
1004,10691,203,2,2400.0,240.0,820.8,5380.8
1005,10692,203,1,2400.0,360.0,367.2,2407.2
1006,10692,102,1,550.0,0.0,99.0,649.0
1007,10693,203,1,2400.0,120.0,410.4,2690.4
1008,10694,401,2,4200.0,420.0,1436.4,9416.4
1009,10694,202,2,2200.0,440.0,712.8,4672.8
1010,10694,101,2,420.0,126.0,128.52,842.52
1011,10695,201,1,1958.69,293.8,299.68,1964.57
1012,10696,201,1,1800.0,180.0,291.6,1911.6
1013,10697,101,1,420.0,21.0,71.82,470.82
1014,10698,401,1,4200.0,0.0,756.0,4956.0
1015,10698,202,1,2200.0,0.0,396.0,2596.0
1016,10699,201,1,1800.0,0.0,324.0,2124.0
1017,10699,301,1,3200.0,160.0,547.2,3587.2
1018,10699,102,1,550.0,55.0,89.1,584.1
1019,10700,402,1,4307.82,0.0,775.41,5083.23
1020,10701,102,1,550.0,82.5,84.15,551.65
1021,10701,302,1,3500.0,175.0,598.5,3923.5
1022,10702,102,1,550.0,0.0,99.0,649.0
1023,10703,402,2,3900.0,1170.0,1193.4,7823.4
1024,10704,301,1,3200.0,0.0,576.0,3776.0
1025,10705,202,1,2200.0,110.0,376.2,2466.2
1026,10705,302,1,3500.0,0.0,630.0,4130.0
1027,10706,102,1,550.0,0.0,99.0,649.0
1028,10706,301,1,3415.1,0.0,614.72,4029.82
1029,10707,301,3,3200.0,0.0,1728.0,11328.0
1030,10707,401,2,4200.0,1260.0,1285.2,8425.2
1031,10707,102,2,550.0,55.0,188.1,1233.1
1032,10708,102,1,550.0,55.0,89.1,584.1
1033,10709,103,1,480.0,48.0,77.76,509.76
1034,10710,302,1,3500.0,175.0,598.5,3923.5
1035,10710,103,2,500.42,0.0,180.15,1180.99
1036,10711,101,1,420.0,0.0,75.6,495.6
1037,10712,101,2,446.04,133.81,136.49,894.76
1038,10713,301,2,3415.1,0.0,1229.44,8059.64
1039,10714,203,1,2400.0,0.0,432.0,2832.0
1040,10714,201,2,1800.0,0.0,648.0,4248.0
1041,10714,102,1,550.0,0.0,99.0,649.0
1042,10715,401,2,4200.0,0.0,1512.0,9912.0
1043,10715,301,1,3415.1,0.0,614.72,4029.82
1044,10716,201,1,1800.0,0.0,324.0,2124.0
1045,10717,402,1,4307.82,0.0,775.41,5083.23
1046,10718,301,1,3415.1,0.0,614.72,4029.82
1047,10719,402,1,3900.0,585.0,596.7,3911.7
1048,10720,301,2,3415.1,1024.53,1045.02,6850.69
1049,10721,201,1,1800.0,0.0,324.0,2124.0
1050,10722,301,1,3415.1,170.75,583.98,3828.33
1051,10723,201,1,1800.0,0.0,324.0,2124.0
1052,10723,402,1,3900.0,0.0,702.0,4602.0
1053,10723,301,1,3200.0,320.0,518.4,3398.4
1054,10724,402,1,3900.0,0.0,702.0,4602.0
1055,10725,201,1,1800.0,0.0,324.0,2124.0
1056,10726,302,1,3500.0,175.0,598.5,3923.5
1057,10727,302,2,3500.0,700.0,1134.0,7434.0
1058,10727,101,2,446.04,44.6,152.55,1000.03
1059,10728,202,1,2200.0,330.0,336.6,2206.6
1060,10729,201,1,1800.0,270.0,275.4,1805.4
1061,10730,202,1,2200.0,330.0,336.6,2206.6
1062,10731,301,3,3200.0,480.0,1641.6,10761.6
1063,10732,201,1,1800.0,90.0,307.8,2017.8
1064,10732,402,1,3900.0,0.0,702.0,4602.0
1065,10732,302,1,3500.0,0.0,630.0,4130.0
1066,10733,102,1,550.0,55.0,89.1,584.1
1067,10734,202,1,2200.0,330.0,336.6,2206.6
1068,10734,402,1,3900.0,390.0,631.8,4141.8
1069,10735,202,2,2200.0,440.0,712.8,4672.8
1070,10735,201,1,1800.0,0.0,324.0,2124.0
1071,10736,202,1,2200.0,0.0,396.0,2596.0
1072,10737,102,1,550.0,0.0,99.0,649.0
1073,10738,301,1,3200.0,480.0,489.6,3209.6
1074,10739,203,1,2400.0,0.0,432.0,2832.0
1075,10740,101,1,446.04,0.0,80.29,526.33
1076,10740,102,1,550.0,82.5,84.15,551.65
1077,10741,203,3,2400.0,0.0,1296.0,8496.0
1078,10742,101,2,420.0,84.0,136.08,892.08
1079,10742,302,1,3500.0,0.0,630.0,4130.0
1080,10743,402,1,3900.0,390.0,631.8,4141.8
1081,10744,203,2,2609.14,260.91,892.33,5849.7
1082,10745,302,3,3500.0,0.0,1890.0,12390.0
1083,10746,102,1,550.0,82.5,84.15,551.65
1084,10747,103,2,500.42,0.0,180.15,1180.99
1085,10748,202,1,2200.0,0.0,396.0,2596.0
1086,10748,201,1,1800.0,270.0,275.4,1805.4
1087,10748,402,1,3900.0,390.0,631.8,4141.8
1088,10749,301,2,3200.0,0.0,1152.0,7552.0
1089,10749,401,1,4200.0,210.0,718.2,4708.2
1090,10749,402,1,3900.0,0.0,702.0,4602.0
1091,10750,301,1,3200.0,480.0,489.6,3209.6
1092,10750,101,1,420.0,42.0,68.04,446.04
1093,10751,402,1,3900.0,0.0,702.0,4602.0
1094,10752,302,1,3500.0,175.0,598.5,3923.5
1095,10752,402,1,3900.0,0.0,702.0,4602.0
1096,10753,402,1,4307.82,0.0,775.41,5083.23
1097,10754,201,2,1800.0,0.0,648.0,4248.0
1098,10755,103,1,500.42,50.04,81.07,531.45
1099,10755,101,3,446.04,133.81,216.78,1421.09
1100,10755,301,1,3415.1,512.26,522.51,3425.35
1101,10756,402,2,3900.0,390.0,1333.8,8743.8
1102,10756,101,1,420.0,0.0,75.6,495.6
1103,10757,201,1,1800.0,0.0,324.0,2124.0
1104,10758,103,1,480.0,48.0,77.76,509.76
1105,10758,101,1,420.0,0.0,75.6,495.6
1106,10759,301,1,3200.0,0.0,576.0,3776.0
1107,10759,201,1,1800.0,90.0,307.8,2017.8
1108,10760,301,1,3415.1,341.51,553.25,3626.84
1109,10760,202,1,2200.0,0.0,396.0,2596.0
1110,10761,402,3,3900.0,1170.0,1895.4,12425.4
1111,10762,103,1,480.0,0.0,86.4,566.4
1112,10763,401,2,4495.66,1348.7,1375.67,9018.29
1113,10764,102,1,550.0,55.0,89.1,584.1
1114,10764,103,2,500.42,0.0,180.15,1180.99
1115,10764,401,1,4200.0,630.0,642.6,4212.6
1116,10765,102,1,550.0,27.5,94.05,616.55
1117,10766,401,1,4495.66,449.57,728.3,4774.39
1118,10766,202,1,2200.0,330.0,336.6,2206.6
1119,10766,302,2,3500.0,350.0,1197.0,7847.0
1120,10767,201,1,1958.69,0.0,352.56,2311.25
1121,10768,402,1,3900.0,585.0,596.7,3911.7
1122,10769,301,1,3200.0,160.0,547.2,3587.2
1123,10769,103,3,480.0,0.0,259.2,1699.2
1124,10769,201,1,1800.0,270.0,275.4,1805.4
1125,10770,301,1,3415.1,512.26,522.51,3425.35
1126,10771,102,1,550.0,27.5,94.05,616.55
1127,10772,201,2,1800.0,0.0,648.0,4248.0
1128,10772,301,1,3200.0,160.0,547.2,3587.2
1129,10772,102,1,550.0,55.0,89.1,584.1
1130,10773,402,1,3900.0,0.0,702.0,4602.0
1131,10774,103,1,480.0,72.0,73.44,481.44
1132,10775,203,1,2609.14,0.0,469.65,3078.79
1133,10776,401,1,4495.66,449.57,728.3,4774.39
1134,10776,202,1,2200.0,0.0,396.0,2596.0
1135,10777,102,2,550.0,0.0,198.0,1298.0
1136,10777,201,1,1800.0,0.0,324.0,2124.0
1137,10778,103,1,480.0,72.0,73.44,481.44
1138,10778,302,1,3500.0,350.0,567.0,3717.0
1139,10779,401,1,4200.0,0.0,756.0,4956.0
1140,10780,401,3,4495.66,1348.7,2184.89,14323.17
1141,10780,203,1,2609.14,0.0,469.65,3078.79
1142,10781,302,1,3500.0,0.0,630.0,4130.0
1143,10782,402,1,3900.0,585.0,596.7,3911.7
1144,10782,302,1,3500.0,175.0,598.5,3923.5
1145,10782,101,1,420.0,0.0,75.6,495.6
1146,10783,102,1,550.0,0.0,99.0,649.0
1147,10784,301,1,3415.1,170.75,583.98,3828.33
1148,10785,302,1,3500.0,350.0,567.0,3717.0
1149,10785,103,1,500.42,0.0,90.08,590.5
1150,10786,101,1,420.0,42.0,68.04,446.04
1151,10786,103,3,480.0,72.0,246.24,1614.24
1152,10787,301,1,3200.0,320.0,518.4,3398.4
1153,10788,201,1,1800.0,90.0,307.8,2017.8
1154,10789,301,1,3415.1,0.0,614.72,4029.82
1155,10790,201,1,1800.0,0.0,324.0,2124.0
1156,10790,301,1,3415.1,512.26,522.51,3425.35
1157,10790,402,1,3900.0,0.0,702.0,4602.0
1158,10791,201,2,1800.0,360.0,583.2,3823.2
1159,10792,202,1,2200.0,0.0,396.0,2596.0
1160,10793,202,1,2200.0,110.0,376.2,2466.2
1161,10793,102,2,550.0,110.0,178.2,1168.2
1162,10794,203,1,2400.0,120.0,410.4,2690.4
1163,10794,201,2,1800.0,0.0,648.0,4248.0
1164,10795,101,1,446.04,0.0,80.29,526.33
1165,10796,202,1,2200.0,220.0,356.4,2336.4
1166,10797,302,2,3500.0,0.0,1260.0,8260.0
1167,10798,103,1,500.42,0.0,90.08,590.5
1168,10799,102,2,550.0,0.0,198.0,1298.0
1169,10800,103,1,500.42,75.06,76.56,501.92
1170,10800,202,1,2200.0,0.0,396.0,2596.0
1171,10801,301,1,3415.1,170.75,583.98,3828.33
1172,10802,401,1,4200.0,630.0,642.6,4212.6
1173,10802,302,1,3500.0,0.0,630.0,4130.0
1174,10803,202,1,2200.0,0.0,396.0,2596.0
1175,10804,201,1,1800.0,90.0,307.8,2017.8
1176,10804,401,1,4200.0,210.0,718.2,4708.2
1177,10804,102,1,550.0,82.5,84.15,551.65
1178,10805,101,1,420.0,21.0,71.82,470.82
1179,10805,203,1,2400.0,0.0,432.0,2832.0
1180,10806,402,1,3900.0,390.0,631.8,4141.8
1181,10806,401,1,4495.66,224.78,768.76,5039.64
1182,10807,302,1,3500.0,0.0,630.0,4130.0
1183,10808,101,1,446.04,0.0,80.29,526.33
1184,10808,202,2,2200.0,660.0,673.2,4413.2
1185,10809,301,1,3200.0,0.0,576.0,3776.0
1186,10809,102,1,550.0,55.0,89.1,584.1
1187,10809,103,1,480.0,0.0,86.4,566.4
1188,10810,402,1,3900.0,0.0,702.0,4602.0
1189,10811,402,2,3900.0,0.0,1404.0,9204.0
1190,10812,102,2,550.0,0.0,198.0,1298.0
1191,10812,101,1,420.0,0.0,75.6,495.6
1192,10813,301,1,3415.1,170.75,583.98,3828.33
1193,10814,202,1,2200.0,330.0,336.6,2206.6
1194,10815,401,1,4200.0,0.0,756.0,4956.0
1195,10816,102,1,550.0,55.0,89.1,584.1
1196,10817,103,1,500.42,50.04,81.07,531.45
1197,10817,402,1,4307.82,430.78,697.87,4574.91
1198,10818,203,3,2400.0,0.0,1296.0,8496.0
1199,10819,203,2,2400.0,0.0,864.0,5664.0
1200,10819,103,1,480.0,72.0,73.44,481.44
1201,10820,402,1,3900.0,585.0,596.7,3911.7
1202,10821,101,3,446.04,0.0,240.86,1578.98
1203,10821,203,1,2609.14,130.46,446.16,2924.84
1204,10821,302,1,3500.0,0.0,630.0,4130.0
1205,10822,103,1,480.0,0.0,86.4,566.4
1206,10823,102,2,550.0,0.0,198.0,1298.0
1207,10823,302,1,3500.0,175.0,598.5,3923.5
1208,10824,103,1,480.0,0.0,86.4,566.4
1209,10825,101,1,446.04,0.0,80.29,526.33
1210,10825,202,2,2200.0,0.0,792.0,5192.0
1211,10826,302,1,3500.0,175.0,598.5,3923.5
1212,10826,401,2,4495.66,1348.7,1375.67,9018.29
1213,10827,103,1,480.0,48.0,77.76,509.76
1214,10828,302,1,3500.0,350.0,567.0,3717.0
1215,10828,402,2,4307.82,0.0,1550.82,10166.46
1216,10829,402,2,3900.0,390.0,1333.8,8743.8
1217,10830,101,2,420.0,42.0,143.64,941.64
1218,10831,402,1,3900.0,195.0,666.9,4371.9
1219,10831,101,1,420.0,21.0,71.82,470.82
1220,10831,302,1,3500.0,175.0,598.5,3923.5
1221,10832,103,1,480.0,72.0,73.44,481.44
1222,10832,102,1,550.0,0.0,99.0,649.0
1223,10833,103,1,480.0,0.0,86.4,566.4
1224,10834,103,1,500.42,75.06,76.56,501.92
1225,10834,401,1,4495.66,224.78,768.76,5039.64
1226,10835,301,1,3415.1,512.26,522.51,3425.35
1227,10836,202,1,2200.0,0.0,396.0,2596.0
1228,10837,202,1,2200.0,110.0,376.2,2466.2
1229,10838,302,3,3500.0,1050.0,1701.0,11151.0
1230,10838,103,1,480.0,24.0,82.08,538.08
1231,10838,102,1,550.0,82.5,84.15,551.65
1232,10839,301,1,3415.1,170.75,583.98,3828.33
1233,10840,401,1,4495.66,0.0,809.22,5304.88
1234,10840,101,1,446.04,0.0,80.29,526.33
1235,10841,203,1,2609.14,391.37,399.2,2616.97
1236,10841,302,2,3500.0,700.0,1134.0,7434.0
1237,10842,201,1,1800.0,90.0,307.8,2017.8
1238,10842,301,1,3200.0,480.0,489.6,3209.6
1239,10843,302,1,3500.0,0.0,630.0,4130.0
1240,10844,302,1,3500.0,0.0,630.0,4130.0
1241,10844,201,3,1800.0,540.0,874.8,5734.8
1242,10845,202,2,2200.0,440.0,712.8,4672.8
1243,10846,301,1,3415.1,170.75,583.98,3828.33
1244,10847,301,2,3200.0,960.0,979.2,6419.2
1245,10847,203,2,2400.0,720.0,734.4,4814.4
1246,10847,402,1,3900.0,585.0,596.7,3911.7
1247,10848,302,2,3500.0,700.0,1134.0,7434.0
1248,10849,103,1,480.0,0.0,86.4,566.4
1249,10849,302,1,3500.0,525.0,535.5,3510.5
1250,10849,102,2,550.0,165.0,168.3,1103.3
1251,10850,203,1,2400.0,120.0,410.4,2690.4
1252,10851,401,1,4200.0,210.0,718.2,4708.2
1253,10852,301,1,3200.0,320.0,518.4,3398.4
1254,10853,101,1,446.04,44.6,72.26,473.7
1255,10854,301,1,3200.0,320.0,518.4,3398.4
1256,10854,201,1,1800.0,0.0,324.0,2124.0
1257,10855,301,1,3200.0,160.0,547.2,3587.2
1258,10856,301,1,3200.0,0.0,576.0,3776.0
1259,10857,401,1,4200.0,630.0,642.6,4212.6
1260,10857,203,3,2609.14,0.0,1408.94,9236.36
1261,10858,301,3,3415.1,0.0,1844.15,12089.45
1262,10859,103,1,500.42,75.06,76.56,501.92
1263,10859,401,2,4200.0,420.0,1436.4,9416.4
1264,10860,402,1,3900.0,585.0,596.7,3911.7
1265,10861,203,1,2609.14,0.0,469.65,3078.79
1266,10861,103,1,500.42,75.06,76.56,501.92
1267,10861,201,2,1958.69,391.74,634.62,4160.26
1268,10862,402,1,3900.0,585.0,596.7,3911.7
1269,10862,102,1,550.0,0.0,99.0,649.0
1270,10863,201,1,1800.0,0.0,324.0,2124.0
1271,10863,301,1,3200.0,320.0,518.4,3398.4
1272,10863,102,3,550.0,0.0,297.0,1947.0
1273,10864,103,1,480.0,0.0,86.4,566.4
1274,10864,202,1,2200.0,330.0,336.6,2206.6
1275,10865,202,2,2200.0,0.0,792.0,5192.0
1276,10866,203,1,2609.14,0.0,469.65,3078.79
1277,10867,302,1,3500.0,0.0,630.0,4130.0
1278,10868,301,2,3200.0,320.0,1094.4,7174.4
1279,10869,201,3,1800.0,540.0,874.8,5734.8
1280,10870,301,1,3415.1,170.75,583.98,3828.33
1281,10870,201,2,1800.0,0.0,648.0,4248.0
1282,10871,401,1,4200.0,0.0,756.0,4956.0
1283,10871,203,1,2609.14,130.46,446.16,2924.84
1284,10872,203,1,2609.14,130.46,446.16,2924.84
1285,10873,401,1,4495.66,674.35,687.84,4509.15
1286,10873,102,1,550.0,0.0,99.0,649.0
1287,10874,301,1,3200.0,320.0,518.4,3398.4
1288,10875,202,1,2200.0,0.0,396.0,2596.0
1289,10876,202,1,2200.0,330.0,336.6,2206.6
1290,10877,401,2,4200.0,0.0,1512.0,9912.0
1291,10878,202,2,2200.0,440.0,712.8,4672.8
1292,10878,203,1,2400.0,120.0,410.4,2690.4
1293,10879,102,2,550.0,165.0,168.3,1103.3
1294,10880,203,2,2400.0,480.0,777.6,5097.6
1295,10881,401,2,4200.0,0.0,1512.0,9912.0
1296,10881,101,1,420.0,0.0,75.6,495.6
1297,10882,103,2,480.0,144.0,146.88,962.88
1298,10883,102,1,550.0,82.5,84.15,551.65
1299,10883,401,1,4200.0,420.0,680.4,4460.4
1300,10884,203,2,2400.0,0.0,864.0,5664.0
1301,10884,401,1,4200.0,0.0,756.0,4956.0
1302,10885,302,1,3500.0,0.0,630.0,4130.0
1303,10885,301,1,3415.1,512.26,522.51,3425.35
1304,10886,102,1,550.0,27.5,94.05,616.55
1305,10886,103,1,500.42,50.04,81.07,531.45
1306,10887,202,3,2200.0,990.0,1009.8,6619.8
1307,10888,302,1,3500.0,0.0,630.0,4130.0
1308,10889,201,1,1800.0,270.0,275.4,1805.4
1309,10890,301,1,3415.1,341.51,553.25,3626.84
1310,10891,302,1,3500.0,0.0,630.0,4130.0
1311,10892,402,1,4307.82,646.17,659.1,4320.75
1312,10892,202,1,2200.0,0.0,396.0,2596.0
1313,10893,103,2,500.42,50.04,171.14,1121.94
1314,10894,402,1,4307.82,215.39,736.64,4829.07
1315,10895,302,1,3500.0,0.0,630.0,4130.0
1316,10896,103,1,500.42,50.04,81.07,531.45
1317,10896,101,1,446.04,44.6,72.26,473.7
1318,10897,401,1,4200.0,0.0,756.0,4956.0
1319,10897,402,2,3900.0,0.0,1404.0,9204.0
1320,10898,202,1,2200.0,110.0,376.2,2466.2
1321,10898,203,1,2400.0,120.0,410.4,2690.4
1322,10899,301,2,3415.1,0.0,1229.44,8059.64
