orden_id,cliente_id,tienda_id,vendedor_id,fecha_orden,estado_orden,metodo_pago,moneda,total_bruto,descuento_total,impuesto_total,total_neto
10389,65,4,1,2024-01-01,ANULADA,Yape/Plin,PEN,6600.0,270.0,1139.4,7469.4
10047,36,2,5,2024-01-03,COMPLETADA,Transferencia,PEN,420.0,21.0,71.82,470.82
10782,73,4,1,2024-01-03,ANULADA,Tarjeta,PEN,7820.0,760.0,1270.8,8330.8
10488,66,4,11,2024-01-04,COMPLETADA,Tarjeta,PEN,420.0,42.0,68.04,446.04
10298,68,1,2,2024-01-05,COMPLETADA,Efectivo,PEN,8580.0,687.0,1420.74,9313.74
10877,60,3,7,2024-01-05,COMPLETADA,Efectivo,PEN,8400.0,0.0,1512.0,9912.0
10433,32,5,12,2024-01-07,COMPLETADA,Transferencia,PEN,480.0,24.0,82.08,538.08
10468,74,4,1,2024-01-08,COMPLETADA,Yape/Plin,PEN,4200.0,0.0,756.0,4956.0
10187,63,2,5,2024-01-10,COMPLETADA,Efectivo,PEN,3500.0,350.0,567.0,3717.0
10287,18,2,6,2024-01-10,COMPLETADA,Efectivo,PEN,12150.0,415.0,2112.3,13847.3
10478,37,4,11,2024-01-13,COMPLETADA,Tarjeta,PEN,4200.0,420.0,680.4,4460.4
10481,53,1,2,2024-01-13,COMPLETADA,Yape/Plin,PEN,2200.0,0.0,396.0,2596.0
10810,6,2,5,2024-01-14,COMPLETADA,Yape/Plin,PEN,3900.0,0.0,702.0,4602.0
10474,15,5,3,2024-01-15,ANULADA,Transferencia,PEN,2880.0,72.0,505.44,3313.44
10129,44,3,9,2024-01-15,COMPLETADA,Transferencia,PEN,6400.0,960.0,979.2,6419.2
10494,23,1,2,2024-01-15,COMPLETADA,Tarjeta,PEN,960.0,0.0,172.8,1132.8
10779,79,2,4,2024-01-15,COMPLETADA,Yape/Plin,PEN,4200.0,0.0,756.0,4956.0
10498,63,1,2,2024-01-17,COMPLETADA,Tarjeta,PEN,6100.0,390.0,1027.8,6737.8
10615,25,1,2,2024-01-17,COMPLETADA,Transferencia,PEN,11600.0,160.0,2059.2,13499.2
10660,18,1,2,2024-01-17,COMPLETADA,Tarjeta,PEN,14800.0,1900.0,2322.0,15222.0
10611,15,4,1,2024-01-17,COMPLETADA,Efectivo,PEN,6400.0,320.0,1094.4,7174.4
10087,46,1,2,2024-01-17,COMPLETADA,Tarjeta,PEN,2880.0,360.0,453.6,2973.6
10711,78,1,2,2024-01-19,COMPLETADA,Efectivo,PEN,420.0,0.0,75.6,495.6
10792,79,2,4,2024-01-19,COMPLETADA,Efectivo,PEN,2200.0,0.0,396.0,2596.0
10620,21,3,9,2024-01-22,COMPLETADA,Yape/Plin,PEN,4200.0,210.0,718.2,4708.2
10137,51,3,7,2024-01-23,COMPLETADA,Tarjeta,PEN,2400.0,360.0,367.2,2407.2
10521,30,5,12,2024-01-23,COMPLETADA,Yape/Plin,PEN,9400.0,1060.0,1501.2,9841.2
10399,36,5,3,2024-01-23,COMPLETADA,Efectivo,PEN,480.0,72.0,73.44,481.44
10036,51,3,7,2024-01-23,COMPLETADA,Tarjeta,PEN,7500.0,175.0,1318.5,8643.5
10378,24,1,2,2024-01-23,COMPLETADA,Efectivo,PEN,2350.0,235.0,380.7,2495.7
10410,43,2,5,2024-01-24,COMPLETADA,Yape/Plin,PEN,3900.0,0.0,702.0,4602.0
10482,80,1,2,2024-01-25,PENDIENTE,Transferencia,PEN,13400.0,585.0,2306.7,15121.7
10669,76,3,8,2024-01-25,COMPLETADA,Efectivo,PEN,4800.0,240.0,820.8,5380.8
10723,30,3,8,2024-01-25,COMPLETADA,Tarjeta,PEN,8900.0,320.0,1544.4,10124.4
10833,76,4,11,2024-01-25,COMPLETADA,Tarjeta,PEN,480.0,0.0,86.4,566.4
10526,52,4,1,2024-01-26,PENDIENTE,Yape/Plin,PEN,12600.0,630.0,2154.6,14124.6
10743,78,1,2,2024-01-27,PENDIENTE,Transferencia,PEN,3900.0,390.0,631.8,4141.8
10247,27,2,6,2024-01-27,PENDIENTE,Efectivo,PEN,5400.0,590.0,865.8,5675.8
10473,37,4,1,2024-01-28,COMPLETADA,Tarjeta,PEN,6100.0,305.0,1043.1,6838.1
10830,31,3,7,2024-01-29,COMPLETADA,Tarjeta,PEN,840.0,42.0,143.64,941.64
10547,12,2,6,2024-01-30,PENDIENTE,Yape/Plin,PEN,8400.0,1260.0,1285.2,8425.2
10557,13,1,2,2024-01-31,COMPLETADA,Tarjeta,PEN,6080.0,552.0,995.04,6523.04
10867,42,2,5,2024-01-31,COMPLETADA,Transferencia,PEN,3500.0,0.0,630.0,4130.0
10094,19,5,12,2024-02-01,COMPLETADA,Tarjeta,PEN,2400.0,360.0,367.2,2407.2
10865,16,3,8,2024-02-02,COMPLETADA,Tarjeta,PEN,4400.0,0.0,792.0,5192.0
10095,78,2,10,2024-02-03,PENDIENTE,Yape/Plin,PEN,550.0,82.5,84.15,551.65
10475,44,1,2,2024-02-03,COMPLETADA,Transferencia,PEN,7100.0,320.0,1220.4,8000.4
10491,25,1,2,2024-02-06,COMPLETADA,Tarjeta,PEN,12700.0,220.0,2246.4,14726.4
10434,19,1,2,2024-02-07,COMPLETADA,Tarjeta,PEN,9600.0,0.0,1728.0,11328.0
10492,44,1,2,2024-02-07,COMPLETADA,Tarjeta,PEN,3600.0,540.0,550.8,3610.8
10469,73,4,11,2024-02-08,COMPLETADA,Efectivo,PEN,3230.0,292.0,528.84,3466.84
10335,74,2,4,2024-02-10,COMPLETADA,Transferencia,PEN,3200.0,480.0,489.6,3209.6
10311,42,4,1,2024-02-10,COMPLETADA,Yape/Plin,PEN,8400.0,420.0,1436.4,9416.4
10017,56,3,9,2024-02-10,COMPLETADA,Tarjeta,PEN,3900.0,0.0,702.0,4602.0
10224,28,3,7,2024-02-11,COMPLETADA,Transferencia,PEN,12020.0,202.0,2127.24,13945.24
10691,60,5,12,2024-02-12,COMPLETADA,Efectivo,PEN,4800.0,240.0,820.8,5380.8
10403,41,5,3,2024-02-12,COMPLETADA,Transferencia,PEN,9600.0,1440.0,1468.8,9628.8
10384,75,4,1,2024-02-13,COMPLETADA,Tarjeta,PEN,3500.0,525.0,535.5,3510.5
10535,39,5,12,2024-02-13,COMPLETADA,Efectivo,PEN,420.0,21.0,71.82,470.82
10028,41,4,11,2024-02-14,COMPLETADA,Transferencia,PEN,420.0,63.0,64.26,421.26
10062,29,4,1,2024-02-16,COMPLETADA,Yape/Plin,PEN,6880.0,640.0,1123.2,7363.2
10667,36,4,11,2024-02-18,COMPLETADA,Efectivo,PEN,1100.0,0.0,198.0,1298.0
10281,15,4,11,2024-02-19,COMPLETADA,Yape/Plin,PEN,480.0,0.0,86.4,566.4
10405,71,4,11,2024-02-20,COMPLETADA,Efectivo,PEN,4380.0,585.0,683.1,4478.1
10022,27,3,9,2024-02-22,COMPLETADA,Yape/Plin,PEN,3500.0,525.0,535.5,3510.5
10273,20,2,5,2024-02-25,COMPLETADA,Efectivo,PEN,960.0,96.0,155.52,1019.52
10009,71,3,9,2024-02-25,PENDIENTE,Efectivo,PEN,420.0,42.0,68.04,446.04
10829,48,4,1,2024-02-25,COMPLETADA,Tarjeta,PEN,7800.0,390.0,1333.8,8743.8
10232,61,5,12,2024-02-29,COMPLETADA,Transferencia,PEN,8350.0,420.0,1427.4,9357.4
10210,32,1,2,2024-02-29,COMPLETADA,Tarjeta,PEN,480.0,0.0,86.4,566.4
10192,73,3,9,2024-03-01,COMPLETADA,Transferencia,PEN,2200.0,110.0,376.2,2466.2
10138,9,4,1,2024-03-02,COMPLETADA,Transferencia,PEN,12000.0,1200.0,1944.0,12744.0
10463,48,5,3,2024-03-04,COMPLETADA,Yape/Plin,PEN,4400.0,0.0,792.0,5192.0
10100,40,4,11,2024-03-08,COMPLETADA,Efectivo,PEN,2130.0,72.0,370.44,2428.44
10818,15,5,12,2024-03-09,PENDIENTE,Yape/Plin,PEN,7200.0,0.0,1296.0,8496.0
10046,71,2,5,2024-03-11,COMPLETADA,Transferencia,PEN,960.0,144.0,146.88,962.88
10724,25,1,2,2024-03-12,PENDIENTE,Transferencia,PEN,3900.0,0.0,702.0,4602.0
10731,53,1,2,2024-03-13,COMPLETADA,Transferencia,PEN,9600.0,480.0,1641.6,10761.6
10452,40,5,12,2024-03-13,COMPLETADA,Tarjeta,PEN,7000.0,0.0,1260.0,8260.0
10380,70,4,1,2024-03-14,COMPLETADA,Yape/Plin,PEN,1810.0,55.0,315.9,2070.9
10207,3,5,3,2024-03-15,COMPLETADA,Transferencia,PEN,840.0,84.0,136.08,892.08
10243,44,2,10,2024-03-16,COMPLETADA,Tarjeta,PEN,550.0,82.5,84.15,551.65
10051,11,3,9,2024-03-16,COMPLETADA,Transferencia,PEN,3900.0,195.0,666.9,4371.9
10030,61,3,8,2024-03-17,COMPLETADA,Efectivo,PEN,6600.0,540.0,1090.8,7150.8
10354,71,2,10,2024-03-18,COMPLETADA,Transferencia,PEN,4880.0,0.0,878.4,5758.4
10070,12,5,12,2024-03-19,COMPLETADA,Tarjeta,PEN,3900.0,195.0,666.9,4371.9
10170,47,3,7,2024-03-19,COMPLETADA,Efectivo,PEN,1800.0,0.0,324.0,2124.0
10721,8,2,6,2024-03-22,COMPLETADA,Transferencia,PEN,1800.0,0.0,324.0,2124.0
10490,59,3,9,2024-03-23,COMPLETADA,Tarjeta,PEN,9000.0,400.0,1548.0,10148.0
10661,10,5,3,2024-03-24,ANULADA,Efectivo,PEN,8000.0,240.0,1396.8,9156.8
10797,14,2,4,2024-03-30,COMPLETADA,Transferencia,PEN,7000.0,0.0,1260.0,8260.0
10191,57,1,2,2024-03-30,COMPLETADA,Yape/Plin,PEN,10300.0,0.0,1854.0,12154.0
10449,43,4,1,2024-03-30,COMPLETADA,Yape/Plin,PEN,2200.0,0.0,396.0,2596.0
10838,10,2,10,2024-04-01,COMPLETADA,Efectivo,PEN,11530.0,1156.5,1867.23,12240.73
10658,51,1,2,2024-04-01,COMPLETADA,Yape/Plin,PEN,13800.0,690.0,2359.8,15469.8
10349,71,3,9,2024-04-02,COMPLETADA,Yape/Plin,PEN,2200.0,0.0,396.0,2596.0
10749,43,2,4,2024-04-02,COMPLETADA,Efectivo,PEN,14500.0,210.0,2572.2,16862.2
10136,66,4,1,2024-04-03,COMPLETADA,Efectivo,PEN,420.0,21.0,71.82,470.82
10059,68,2,10,2024-04-03,COMPLETADA,Yape/Plin,PEN,2200.0,330.0,336.6,2206.6
10773,68,3,9,2024-04-07,COMPLETADA,Yape/Plin,PEN,3900.0,0.0,702.0,4602.0
10566,27,3,8,2024-04-12,COMPLETADA,Yape/Plin,PEN,2200.0,220.0,356.4,2336.4
10303,79,5,3,2024-04-14,COMPLETADA,Efectivo,PEN,2200.0,0.0,396.0,2596.0
10672,8,5,3,2024-04-14,COMPLETADA,Efectivo,PEN,7800.0,0.0,1404.0,9204.0
10874,72,3,9,2024-04-15,COMPLETADA,Tarjeta,PEN,3200.0,320.0,518.4,3398.4
10092,11,3,9,2024-04-15,COMPLETADA,Efectivo,PEN,3680.0,184.0,629.28,4125.28
10880,4,2,4,2024-04-15,COMPLETADA,Transferencia,PEN,4800.0,480.0,777.6,5097.6
10854,64,5,3,2024-04-16,COMPLETADA,Tarjeta,PEN,5000.0,320.0,842.4,5522.4
10317,38,3,9,2024-04-18,COMPLETADA,Efectivo,PEN,420.0,63.0,64.26,421.26
10602,42,2,4,2024-04-18,COMPLETADA,Efectivo,PEN,2200.0,0.0,396.0,2596.0
10495,15,4,1,2024-04-18,COMPLETADA,Transferencia,PEN,3200.0,480.0,489.6,3209.6
10748,56,1,2,2024-04-18,ANULADA,Yape/Plin,PEN,7900.0,660.0,1303.2,8543.2
10811,70,3,9,2024-04-18,COMPLETADA,Transferencia,PEN,7800.0,0.0,1404.0,9204.0
10453,50,1,2,2024-04-18,COMPLETADA,Transferencia,PEN,7400.0,195.0,1296.9,8501.9
10001,56,3,9,2024-04-18,ANULADA,Efectivo,PEN,3680.0,232.0,620.64,4068.64
10255,73,1,2,2024-04-18,COMPLETADA,Yape/Plin,PEN,5400.0,330.0,912.6,5982.6
10041,30,4,1,2024-04-20,COMPLETADA,Yape/Plin,PEN,7650.0,180.0,1344.6,8814.6
10739,22,1,2,2024-04-21,COMPLETADA,Tarjeta,PEN,2400.0,0.0,432.0,2832.0
10842,11,2,4,2024-04-21,ANULADA,Efectivo,PEN,5000.0,570.0,797.4,5227.4
10561,73,4,11,2024-04-22,COMPLETADA,Transferencia,PEN,3200.0,480.0,489.6,3209.6
10585,21,2,5,2024-04-23,COMPLETADA,Efectivo,PEN,5900.0,525.0,967.5,6342.5
10882,7,3,7,2024-04-23,COMPLETADA,Efectivo,PEN,960.0,144.0,146.88,962.88
10236,68,3,7,2024-04-23,COMPLETADA,Efectivo,PEN,2400.0,0.0,432.0,2832.0
10483,24,3,8,2024-04-23,COMPLETADA,Tarjeta,PEN,5400.0,110.0,952.2,6242.2
10786,25,3,7,2024-04-23,COMPLETADA,Efectivo,PEN,1860.0,114.0,314.28,2060.28
10501,20,4,11,2024-04-25,COMPLETADA,Tarjeta,PEN,2400.0,240.0,388.8,2548.8
10409,7,2,5,2024-04-25,COMPLETADA,Yape/Plin,PEN,550.0,55.0,89.1,584.1
10383,31,4,11,2024-04-25,COMPLETADA,Yape/Plin,PEN,6400.0,0.0,1152.0,7552.0
10852,23,4,11,2024-04-26,COMPLETADA,Transferencia,PEN,3200.0,320.0,518.4,3398.4
10761,11,1,2,2024-04-29,COMPLETADA,Transferencia,PEN,11700.0,1170.0,1895.4,12425.4
10212,4,3,8,2024-04-30,COMPLETADA,Tarjeta,PEN,3900.0,390.0,631.8,4141.8
10759,66,3,9,2024-04-30,COMPLETADA,Transferencia,PEN,5000.0,90.0,883.8,5793.8
10283,37,1,2,2024-04-30,COMPLETADA,Transferencia,PEN,6000.0,420.0,1004.4,6584.4
10787,54,4,11,2024-05-01,COMPLETADA,Transferencia,PEN,3200.0,320.0,518.4,3398.4
10641,78,4,1,2024-05-01,COMPLETADA,Yape/Plin,PEN,480.0,24.0,82.08,538.08
10489,73,5,12,2024-05-04,COMPLETADA,Yape/Plin,PEN,550.0,27.5,94.05,616.55
10627,26,4,11,2024-05-05,COMPLETADA,Tarjeta,PEN,3500.0,525.0,535.5,3510.5
10555,30,4,11,2024-05-05,COMPLETADA,Yape/Plin,PEN,10400.0,1200.0,1656.0,10856.0
10280,47,1,2,2024-05-06,COMPLETADA,Yape/Plin,PEN,4320.0,0.0,777.6,5097.6
10662,60,3,7,2024-05-07,COMPLETADA,Transferencia,PEN,4600.0,330.0,768.6,5038.6
10016,60,3,9,2024-05-07,COMPLETADA,Yape/Plin,PEN,3500.0,525.0,535.5,3510.5
10368,31,3,9,2024-05-08,COMPLETADA,Tarjeta,PEN,3200.0,0.0,576.0,3776.0
10252,6,4,1,2024-05-09,PENDIENTE,Efectivo,PEN,960.0,48.0,164.16,1076.16
10075,68,1,2,2024-05-10,COMPLETADA,Tarjeta,PEN,1440.0,72.0,246.24,1614.24
10676,40,5,12,2024-05-10,COMPLETADA,Yape/Plin,PEN,8400.0,0.0,1512.0,9912.0
10227,12,3,7,2024-05-11,COMPLETADA,Efectivo,PEN,3900.0,390.0,631.8,4141.8
10640,66,5,3,2024-05-12,COMPLETADA,Efectivo,PEN,960.0,48.0,164.16,1076.16
10703,27,3,8,2024-05-13,COMPLETADA,Efectivo,PEN,7800.0,1170.0,1193.4,7823.4
10788,15,1,2,2024-05-14,COMPLETADA,Yape/Plin,PEN,1800.0,90.0,307.8,2017.8
10595,12,3,9,2024-05-15,COMPLETADA,Transferencia,PEN,2400.0,0.0,432.0,2832.0
10221,51,1,2,2024-05-16,COMPLETADA,Transferencia,PEN,4400.0,440.0,712.8,4672.8
10327,60,5,3,2024-05-17,COMPLETADA,Tarjeta,PEN,8280.0,0.0,1490.4,9770.4
10768,78,5,3,2024-05-17,COMPLETADA,Yape/Plin,PEN,3900.0,585.0,596.7,3911.7
10080,33,1,2,2024-05-21,COMPLETADA,Tarjeta,PEN,4750.0,82.5,840.15,5507.65
10699,20,3,9,2024-05-22,COMPLETADA,Efectivo,PEN,5550.0,215.0,960.3,6295.3
10169,35,3,8,2024-05-22,COMPLETADA,Tarjeta,PEN,2200.0,220.0,356.4,2336.4
10824,11,2,4,2024-05-24,COMPLETADA,Efectivo,PEN,480.0,0.0,86.4,566.4
10499,35,5,12,2024-05-26,COMPLETADA,Transferencia,PEN,1860.0,135.0,310.5,2035.5
10455,79,3,8,2024-05-27,COMPLETADA,Yape/Plin,PEN,5900.0,175.0,1030.5,6755.5
10505,28,5,12,2024-05-28,COMPLETADA,Yape/Plin,PEN,1800.0,90.0,307.8,2017.8
10580,47,4,11,2024-05-28,COMPLETADA,Tarjeta,PEN,8220.0,0.0,1479.6,9699.6
10152,3,3,9,2024-05-29,PENDIENTE,Efectivo,PEN,1800.0,180.0,291.6,1911.6
10081,56,1,2,2024-05-30,COMPLETADA,Yape/Plin,PEN,7520.0,0.0,1353.6,8873.6
10632,52,4,1,2024-05-30,ANULADA,Efectivo,PEN,8200.0,90.0,1459.8,9569.8
10572,39,4,11,2024-06-03,COMPLETADA,Tarjeta,PEN,8600.0,330.0,1488.6,9758.6
10597,72,4,1,2024-06-03,COMPLETADA,Tarjeta,PEN,420.0,0.0,75.6,495.6
10133,59,5,12,2024-06-05,COMPLETADA,Efectivo,PEN,9600.0,270.0,1679.4,11009.4
10102,39,2,5,2024-06-05,COMPLETADA,Transferencia,PEN,8400.0,0.0,1512.0,9912.0
10447,25,3,8,2024-06-06,COMPLETADA,Yape/Plin,PEN,1510.0,144.0,245.88,1611.88
10141,36,2,4,2024-06-07,COMPLETADA,Efectivo,PEN,2220.0,180.0,367.2,2407.2
10237,56,4,11,2024-06-10,COMPLETADA,Yape/Plin,PEN,7800.0,780.0,1263.6,8283.6
10458,62,4,1,2024-06-11,COMPLETADA,Efectivo,PEN,5600.0,0.0,1008.0,6608.0
10309,54,5,12,2024-06-12,COMPLETADA,Transferencia,PEN,14100.0,1755.0,2222.1,14567.1
10524,31,1,2,2024-06-14,PENDIENTE,Transferencia,PEN,2400.0,360.0,367.2,2407.2
10605,50,4,11,2024-06-15,COMPLETADA,Transferencia,PEN,7000.0,350.0,1197.0,7847.0
10279,52,1,2,2024-06-17,COMPLETADA,Transferencia,PEN,420.0,0.0,75.6,495.6
10847,26,3,8,2024-06-17,COMPLETADA,Transferencia,PEN,15100.0,2265.0,2310.3,15145.3
10176,79,1,2,2024-06-19,PENDIENTE,Yape/Plin,PEN,4170.0,145.5,724.41,4748.91
10497,48,5,3,2024-06-21,COMPLETADA,Tarjeta,PEN,3900.0,0.0,702.0,4602.0
10189,59,5,12,2024-06-21,COMPLETADA,Tarjeta,PEN,4400.0,220.0,752.4,4932.4
10736,63,1,2,2024-06-21,COMPLETADA,Efectivo,PEN,2200.0,0.0,396.0,2596.0
10033,23,1,2,2024-06-23,COMPLETADA,Transferencia,PEN,3900.0,390.0,631.8,4141.8
10774,41,4,1,2024-06-23,COMPLETADA,Efectivo,PEN,480.0,72.0,73.44,481.44
10628,11,3,8,2024-06-24,COMPLETADA,Efectivo,PEN,1800.0,270.0,275.4,1805.4
10104,80,5,12,2024-06-24,COMPLETADA,Tarjeta,PEN,970.0,63.0,163.26,1070.26
10065,80,4,11,2024-06-24,COMPLETADA,Tarjeta,PEN,3900.0,0.0,702.0,4602.0
10256,36,4,1,2024-06-25,COMPLETADA,Efectivo,PEN,2400.0,0.0,432.0,2832.0
10869,26,3,8,2024-06-26,COMPLETADA,Yape/Plin,PEN,5400.0,540.0,874.8,5734.8
10622,26,2,10,2024-06-26,COMPLETADA,Efectivo,PEN,13700.0,510.0,2374.2,15564.2
10683,44,5,3,2024-06-27,COMPLETADA,Tarjeta,PEN,4400.0,0.0,792.0,5192.0
10446,15,3,7,2024-06-28,COMPLETADA,Tarjeta,PEN,840.0,126.0,128.52,842.52
10442,25,3,8,2024-06-28,ANULADA,Efectivo,PEN,8380.0,886.0,1348.92,8842.92
10737,48,2,5,2024-06-29,COMPLETADA,Transferencia,PEN,550.0,0.0,99.0,649.0
10068,64,4,11,2024-06-30,COMPLETADA,Yape/Plin,PEN,2880.0,264.0,470.88,3086.88
10215,5,5,12,2024-07-02,COMPLETADA,Transferencia,PEN,2400.0,0.0,432.0,2832.0
10519,37,1,2,2024-07-02,COMPLETADA,Tarjeta,PEN,8440.0,1050.0,1330.2,8720.2
10601,54,1,2,2024-07-03,COMPLETADA,Tarjeta,PEN,2620.0,330.0,412.2,2702.2
10600,22,5,12,2024-07-03,COMPLETADA,Transferencia,PEN,420.0,63.0,64.26,421.26
10550,46,4,11,2024-07-04,COMPLETADA,Transferencia,PEN,2400.0,0.0,432.0,2832.0
10270,38,1,2,2024-07-04,COMPLETADA,Yape/Plin,PEN,8880.0,420.0,1522.8,9982.8
10337,80,5,12,2024-07-05,COMPLETADA,Yape/Plin,PEN,6250.0,270.0,1076.4,7056.4
10419,41,2,4,2024-07-07,COMPLETADA,Efectivo,PEN,9600.0,585.0,1622.7,10637.7
10738,26,1,2,2024-07-09,COMPLETADA,Transferencia,PEN,3200.0,480.0,489.6,3209.6
10306,23,5,3,2024-07-10,COMPLETADA,Efectivo,PEN,2200.0,330.0,336.6,2206.6
10167,56,4,11,2024-07-10,COMPLETADA,Tarjeta,PEN,550.0,27.5,94.05,616.55
10259,57,2,10,2024-07-11,COMPLETADA,Yape/Plin,PEN,4680.0,702.0,716.04,4694.04
10809,9,2,4,2024-07-11,COMPLETADA,Efectivo,PEN,4230.0,55.0,751.5,4926.5
10831,71,2,4,2024-07-11,COMPLETADA,Tarjeta,PEN,7820.0,391.0,1337.22,8766.22
10553,9,4,11,2024-07-12,COMPLETADA,Efectivo,PEN,6700.0,350.0,1143.0,7493.0
10118,3,4,11,2024-07-14,COMPLETADA,Efectivo,PEN,14800.0,640.0,2548.8,16708.8
10407,42,3,9,2024-07-14,COMPLETADA,Yape/Plin,PEN,2400.0,240.0,388.8,2548.8
10008,28,4,11,2024-07-15,COMPLETADA,Yape/Plin,PEN,7900.0,420.0,1346.4,8826.4
10647,80,5,3,2024-07-16,PENDIENTE,Transferencia,PEN,4620.0,630.0,718.2,4708.2
10079,48,5,12,2024-07-17,COMPLETADA,Yape/Plin,PEN,12000.0,1170.0,1949.4,12779.4
10891,38,2,10,2024-07-17,COMPLETADA,Yape/Plin,PEN,3500.0,0.0,630.0,4130.0
10406,72,5,3,2024-07-19,COMPLETADA,Yape/Plin,PEN,2950.0,267.5,482.85,3165.35
10855,61,1,2,2024-07-19,PENDIENTE,Efectivo,PEN,3200.0,160.0,547.2,3587.2
10701,9,4,11,2024-07-22,COMPLETADA,Yape/Plin,PEN,4050.0,257.5,682.65,4475.15
10173,76,5,3,2024-07-23,COMPLETADA,Tarjeta,PEN,14500.0,360.0,2545.2,16685.2
10217,38,5,12,2024-07-24,COMPLETADA,Transferencia,PEN,11700.0,0.0,2106.0,13806.0
10567,64,1,2,2024-07-25,COMPLETADA,Tarjeta,PEN,3900.0,0.0,702.0,4602.0
10235,17,3,9,2024-07-25,COMPLETADA,Yape/Plin,PEN,480.0,0.0,86.4,566.4
10506,43,2,4,2024-07-26,COMPLETADA,Tarjeta,PEN,1100.0,110.0,178.2,1168.2
10704,65,4,11,2024-07-26,COMPLETADA,Transferencia,PEN,3200.0,0.0,576.0,3776.0
10655,19,3,9,2024-07-27,PENDIENTE,Transferencia,PEN,9600.0,1440.0,1468.8,9628.8
10147,43,1,2,2024-07-27,COMPLETADA,Tarjeta,PEN,1800.0,180.0,291.6,1911.6
10807,75,4,1,2024-07-27,COMPLETADA,Efectivo,PEN,3500.0,0.0,630.0,4130.0
10681,52,2,4,2024-07-29,COMPLETADA,Tarjeta,PEN,4200.0,210.0,718.2,4708.2
10182,36,1,2,2024-07-29,COMPLETADA,Transferencia,PEN,1800.0,90.0,307.8,2017.8
10448,5,4,11,2024-07-29,COMPLETADA,Tarjeta,PEN,420.0,63.0,64.26,421.26
10802,24,1,2,2024-07-30,COMPLETADA,Tarjeta,PEN,7700.0,630.0,1272.6,8342.6
10765,21,1,2,2024-07-30,COMPLETADA,Tarjeta,PEN,550.0,27.5,94.05,616.55
10223,58,3,8,2024-07-31,COMPLETADA,Tarjeta,PEN,4400.0,660.0,673.2,4413.2
10697,57,4,1,2024-08-02,COMPLETADA,Transferencia,PEN,420.0,21.0,71.82,470.82
10476,74,3,7,2024-08-03,COMPLETADA,Tarjeta,PEN,3500.0,175.0,598.5,3923.5
10864,54,4,11,2024-08-03,COMPLETADA,Efectivo,PEN,2680.0,330.0,423.0,2773.0
10334,76,2,10,2024-08-03,COMPLETADA,Tarjeta,PEN,3900.0,585.0,596.7,3911.7
10333,20,2,5,2024-08-04,COMPLETADA,Tarjeta,PEN,5600.0,560.0,907.2,5947.2
10320,53,5,3,2024-08-04,COMPLETADA,Transferencia,PEN,5800.0,870.0,887.4,5817.4
10326,5,5,12,2024-08-05,COMPLETADA,Efectivo,PEN,2880.0,192.0,483.84,3171.84
10200,62,1,2,2024-08-06,COMPLETADA,Efectivo,PEN,4800.0,480.0,777.6,5097.6
10123,26,5,12,2024-08-07,PENDIENTE,Yape/Plin,PEN,3900.0,0.0,702.0,4602.0
10638,58,1,2,2024-08-07,COMPLETADA,Efectivo,PEN,8400.0,420.0,1436.4,9416.4
10263,29,2,5,2024-08-07,COMPLETADA,Efectivo,PEN,420.0,0.0,75.6,495.6
10053,56,4,1,2024-08-08,COMPLETADA,Efectivo,PEN,550.0,27.5,94.05,616.55
10532,57,4,11,2024-08-08,COMPLETADA,Efectivo,PEN,6880.0,960.0,1065.6,6985.6
10394,67,1,2,2024-08-09,COMPLETADA,Efectivo,PEN,4200.0,630.0,642.6,4212.6
10511,17,3,8,2024-08-11,COMPLETADA,Tarjeta,PEN,2200.0,220.0,356.4,2336.4
10318,18,4,11,2024-08-13,PENDIENTE,Transferencia,PEN,7200.0,0.0,1296.0,8496.0
10177,58,3,8,2024-08-14,COMPLETADA,Transferencia,PEN,420.0,21.0,71.82,470.82
10239,73,1,2,2024-08-14,COMPLETADA,Tarjeta,PEN,2400.0,0.0,432.0,2832.0
10144,53,3,8,2024-08-14,COMPLETADA,Transferencia,PEN,11600.0,1000.0,1908.0,12508.0
10346,48,1,2,2024-08-15,COMPLETADA,Efectivo,PEN,6400.0,630.0,1038.6,6808.6
10793,44,4,11,2024-08-15,COMPLETADA,Efectivo,PEN,3300.0,220.0,554.4,3634.4
10140,1,1,2,2024-08-16,COMPLETADA,Efectivo,PEN,1800.0,90.0,307.8,2017.8
10624,63,3,8,2024-08-17,COMPLETADA,Tarjeta,PEN,10600.0,1260.0,1681.2,11021.2
10587,3,1,2,2024-08-17,ANULADA,Efectivo,PEN,480.0,72.0,73.44,481.44
10856,65,3,8,2024-08-17,COMPLETADA,Yape/Plin,PEN,3200.0,0.0,576.0,3776.0
10416,20,3,8,2024-08-18,COMPLETADA,Tarjeta,PEN,6000.0,720.0,950.4,6230.4
10305,48,5,3,2024-08-18,COMPLETADA,Transferencia,PEN,1440.0,0.0,259.2,1699.2
10881,22,1,2,2024-08-19,COMPLETADA,Yape/Plin,PEN,8820.0,0.0,1587.6,10407.6
10668,55,1,2,2024-08-19,COMPLETADA,Yape/Plin,PEN,550.0,55.0,89.1,584.1
10814,50,1,2,2024-08-19,COMPLETADA,Tarjeta,PEN,2200.0,330.0,336.6,2206.6
10277,45,3,7,2024-08-19,COMPLETADA,Yape/Plin,PEN,420.0,21.0,71.82,470.82
10258,18,3,9,2024-08-21,COMPLETADA,Yape/Plin,PEN,3200.0,0.0,576.0,3776.0
10374,1,5,12,2024-08-24,COMPLETADA,Efectivo,PEN,480.0,48.0,77.76,509.76
10014,37,3,9,2024-08-25,COMPLETADA,Tarjeta,PEN,4000.0,330.0,660.6,4330.6
10143,74,3,9,2024-08-27,COMPLETADA,Yape/Plin,PEN,1440.0,216.0,220.32,1444.32
10663,64,3,7,2024-08-27,COMPLETADA,Transferencia,PEN,3200.0,160.0,547.2,3587.2
10355,31,3,7,2024-08-28,COMPLETADA,Transferencia,PEN,5760.0,96.0,1019.52,6683.52
10593,61,3,9,2024-08-28,PENDIENTE,Tarjeta,PEN,4200.0,210.0,718.2,4708.2
10573,52,2,4,2024-08-29,COMPLETADA,Tarjeta,PEN,2200.0,330.0,336.6,2206.6
10131,58,3,8,2024-08-29,COMPLETADA,Tarjeta,PEN,2400.0,0.0,432.0,2832.0
10725,65,1,2,2024-08-29,COMPLETADA,Yape/Plin,PEN,1800.0,0.0,324.0,2124.0
10591,80,4,1,2024-08-29,COMPLETADA,Efectivo,PEN,3500.0,175.0,598.5,3923.5
10504,53,2,10,2024-08-30,ANULADA,Tarjeta,PEN,3500.0,350.0,567.0,3717.0
10099,64,1,2,2024-08-30,COMPLETADA,Yape/Plin,PEN,4200.0,0.0,756.0,4956.0
10048,76,3,7,2024-08-31,COMPLETADA,Tarjeta,PEN,3200.0,0.0,576.0,3776.0
10516,70,1,2,2024-09-01,COMPLETADA,Transferencia,PEN,4200.0,330.0,696.6,4566.6
10013,23,5,3,2024-09-02,COMPLETADA,Efectivo,PEN,3900.0,0.0,702.0,4602.0
10023,21,3,9,2024-09-02,COMPLETADA,Efectivo,PEN,550.0,0.0,99.0,649.0
10206,64,5,3,2024-09-03,COMPLETADA,Tarjeta,PEN,8480.0,1112.0,1326.24,8694.24
10548,65,5,3,2024-09-04,COMPLETADA,Tarjeta,PEN,5400.0,0.0,972.0,6372.0
10085,19,3,8,2024-09-04,COMPLETADA,Yape/Plin,PEN,3200.0,0.0,576.0,3776.0
10124,7,5,3,2024-09-05,COMPLETADA,Tarjeta,PEN,2400.0,0.0,432.0,2832.0
10794,41,1,2,2024-09-09,COMPLETADA,Tarjeta,PEN,6000.0,120.0,1058.4,6938.4
10381,5,2,10,2024-09-10,COMPLETADA,Tarjeta,PEN,1800.0,90.0,307.8,2017.8
10509,42,4,1,2024-09-10,ANULADA,Transferencia,PEN,7520.0,1107.0,1154.34,7567.34
10771,10,3,7,2024-09-10,COMPLETADA,Efectivo,PEN,550.0,27.5,94.05,616.55
10108,19,1,2,2024-09-10,COMPLETADA,Efectivo,PEN,13200.0,540.0,2278.8,14938.8
10897,61,1,2,2024-09-10,COMPLETADA,Yape/Plin,PEN,12000.0,0.0,2160.0,14160.0
10400,30,3,8,2024-09-12,COMPLETADA,Efectivo,PEN,1800.0,90.0,307.8,2017.8
10230,70,1,2,2024-09-12,COMPLETADA,Yape/Plin,PEN,3500.0,525.0,535.5,3510.5
10694,39,3,7,2024-09-13,COMPLETADA,Transferencia,PEN,13640.0,986.0,2277.72,14931.72
10103,26,5,12,2024-09-13,COMPLETADA,Yape/Plin,PEN,8950.0,82.5,1596.15,10463.65
10577,64,1,2,2024-09-14,COMPLETADA,Yape/Plin,PEN,3900.0,0.0,702.0,4602.0
10502,43,5,12,2024-09-14,COMPLETADA,Tarjeta,PEN,4800.0,63.0,852.66,5589.66
10074,78,2,6,2024-09-15,COMPLETADA,Transferencia,PEN,5880.0,344.0,996.48,6532.48
10581,71,4,11,2024-09-16,COMPLETADA,Yape/Plin,PEN,8900.0,710.0,1474.2,9664.2
10769,34,4,1,2024-09-18,COMPLETADA,Tarjeta,PEN,6440.0,430.0,1081.8,7091.8
10307,1,3,8,2024-09-18,COMPLETADA,Transferencia,PEN,2400.0,360.0,367.2,2407.2
10652,49,1,2,2024-09-21,COMPLETADA,Transferencia,PEN,4200.0,0.0,756.0,4956.0
10665,73,2,6,2024-09-22,COMPLETADA,Tarjeta,PEN,13400.0,770.0,2273.4,14903.4
10862,7,3,7,2024-09-23,PENDIENTE,Tarjeta,PEN,4450.0,585.0,695.7,4560.7
10290,41,1,2,2024-09-24,PENDIENTE,Yape/Plin,PEN,3900.0,0.0,702.0,4602.0
10267,39,2,5,2024-09-24,COMPLETADA,Transferencia,PEN,7100.0,320.0,1220.4,8000.4
10733,78,4,1,2024-09-24,COMPLETADA,Transferencia,PEN,550.0,55.0,89.1,584.1
10805,18,4,11,2024-09-27,COMPLETADA,Tarjeta,PEN,2820.0,21.0,503.82,3302.82
10286,60,1,2,2024-09-27,COMPLETADA,Tarjeta,PEN,6300.0,0.0,1134.0,7434.0
10741,63,4,11,2024-09-29,COMPLETADA,Yape/Plin,PEN,7200.0,0.0,1296.0,8496.0
10015,19,1,2,2024-09-29,COMPLETADA,Yape/Plin,PEN,7800.0,780.0,1263.6,8283.6
10565,3,4,1,2024-09-30,PENDIENTE,Efectivo,PEN,2400.0,240.0,388.8,2548.8
10571,69,5,12,2024-10-01,PENDIENTE,Tarjeta,PEN,2400.0,0.0,432.0,2832.0
10653,8,3,8,2024-10-02,COMPLETADA,Tarjeta,PEN,3200.0,0.0,576.0,3776.0
10249,73,1,2,2024-10-02,COMPLETADA,Tarjeta,PEN,4800.0,480.0,777.6,5097.6
10654,71,5,3,2024-10-02,COMPLETADA,Transferencia,PEN,3200.0,480.0,489.6,3209.6
10422,53,2,5,2024-10-03,COMPLETADA,Tarjeta,PEN,7000.0,700.0,1134.0,7434.0
10845,33,2,4,2024-10-03,COMPLETADA,Yape/Plin,PEN,4400.0,440.0,712.8,4672.8
10007,40,3,7,2024-10-04,COMPLETADA,Transferencia,PEN,12600.0,0.0,2268.0,14868.0
10540,47,1,2,2024-10-04,COMPLETADA,Tarjeta,PEN,2200.0,220.0,356.4,2336.4
10692,49,1,2,2024-10-06,COMPLETADA,Yape/Plin,PEN,2950.0,360.0,466.2,3056.2
10061,28,5,3,2024-10-06,COMPLETADA,Tarjeta,PEN,3900.0,195.0,666.9,4371.9
10772,19,2,6,2024-10-06,COMPLETADA,Efectivo,PEN,7350.0,215.0,1284.3,8419.3
10762,13,5,3,2024-10-07,COMPLETADA,Efectivo,PEN,480.0,0.0,86.4,566.4
10707,69,3,9,2024-10-07,ANULADA,Transferencia,PEN,19100.0,1315.0,3201.3,20986.3
10648,27,2,10,2024-10-08,COMPLETADA,Yape/Plin,PEN,420.0,0.0,75.6,495.6
10069,76,1,2,2024-10-08,COMPLETADA,Yape/Plin,PEN,420.0,21.0,71.82,470.82
10343,51,2,10,2024-10-09,COMPLETADA,Efectivo,PEN,4200.0,210.0,718.2,4708.2
10517,7,1,2,2024-10-10,COMPLETADA,Efectivo,PEN,550.0,82.5,84.15,551.65
10693,30,1,2,2024-10-10,COMPLETADA,Tarjeta,PEN,2400.0,120.0,410.4,2690.4
10484,8,4,11,2024-10-10,COMPLETADA,Tarjeta,PEN,2200.0,0.0,396.0,2596.0
10804,18,3,7,2024-10-11,COMPLETADA,Transferencia,PEN,6550.0,382.5,1110.15,7277.65
10209,11,3,7,2024-10-11,COMPLETADA,Transferencia,PEN,7080.0,420.0,1198.8,7858.8
10325,18,5,3,2024-10-14,COMPLETADA,Tarjeta,PEN,4620.0,693.0,706.86,4633.86
10884,42,4,1,2024-10-14,COMPLETADA,Yape/Plin,PEN,9000.0,0.0,1620.0,10620.0
10832,51,5,3,2024-10-16,COMPLETADA,Efectivo,PEN,1030.0,72.0,172.44,1130.44
10026,39,5,12,2024-10-16,COMPLETADA,Efectivo,PEN,2400.0,360.0,367.2,2407.2
10073,50,4,11,2024-10-16,COMPLETADA,Tarjeta,PEN,2950.0,387.5,461.25,3023.75
10863,34,2,4,2024-10-16,COMPLETADA,Yape/Plin,PEN,6650.0,320.0,1139.4,7469.4
10756,37,2,10,2024-10-16,COMPLETADA,Yape/Plin,PEN,8220.0,390.0,1409.4,9239.4
10643,28,2,10,2024-10-17,COMPLETADA,Yape/Plin,PEN,420.0,63.0,64.26,421.26
10341,77,5,12,2024-10-17,COMPLETADA,Tarjeta,PEN,4620.0,0.0,831.6,5451.6
10205,4,3,7,2024-10-18,COMPLETADA,Transferencia,PEN,4820.0,0.0,867.6,5687.6
10376,69,3,8,2024-10-18,COMPLETADA,Tarjeta,PEN,2200.0,220.0,356.4,2336.4
10778,71,4,1,2024-10-19,PENDIENTE,Efectivo,PEN,3980.0,422.0,640.44,4198.44
10111,69,1,2,2024-10-19,COMPLETADA,Yape/Plin,PEN,5600.0,0.0,1008.0,6608.0
10056,77,3,8,2024-10-21,COMPLETADA,Transferencia,PEN,3500.0,0.0,630.0,4130.0
10523,7,2,6,2024-10-22,COMPLETADA,Transferencia,PEN,8880.0,0.0,1598.4,10478.4
10431,24,1,2,2024-10-22,PENDIENTE,Tarjeta,PEN,2620.0,220.0,432.0,2832.0
10121,27,4,11,2024-10-22,COMPLETADA,Yape/Plin,PEN,3900.0,390.0,631.8,4141.8
10618,5,4,11,2024-10-24,COMPLETADA,Efectivo,PEN,420.0,42.0,68.04,446.04
10436,61,2,4,2024-10-26,COMPLETADA,Yape/Plin,PEN,3200.0,0.0,576.0,3776.0
10626,57,5,12,2024-10-26,COMPLETADA,Tarjeta,PEN,2400.0,0.0,432.0,2832.0
10520,54,5,3,2024-10-27,COMPLETADA,Efectivo,PEN,420.0,0.0,75.6,495.6
10617,73,4,1,2024-10-28,COMPLETADA,Tarjeta,PEN,10300.0,1545.0,1575.9,10330.9
10822,59,2,10,2024-10-28,COMPLETADA,Transferencia,PEN,480.0,0.0,86.4,566.4
10268,34,4,11,2024-10-29,COMPLETADA,Tarjeta,PEN,7800.0,390.0,1333.8,8743.8
10803,35,5,3,2024-10-30,COMPLETADA,Tarjeta,PEN,2200.0,0.0,396.0,2596.0
10012,76,4,11,2024-10-31,COMPLETADA,Tarjeta,PEN,2350.0,27.5,418.05,2740.55
10146,19,4,1,2024-11-03,COMPLETADA,Efectivo,PEN,480.0,24.0,82.08,538.08
10609,20,2,6,2024-11-03,COMPLETADA,Efectivo,PEN,420.0,0.0,75.6,495.6
10282,54,1,2,2024-11-04,COMPLETADA,Transferencia,PEN,550.0,82.5,84.15,551.65
10582,12,2,6,2024-11-04,COMPLETADA,Transferencia,PEN,9220.0,682.0,1536.84,10074.84
10050,59,1,2,2024-11-04,PENDIENTE,Efectivo,PEN,550.0,55.0,89.1,584.1
10149,2,2,5,2024-11-06,PENDIENTE,Tarjeta,PEN,5300.0,0.0,954.0,6254.0
10533,61,5,12,2024-11-06,COMPLETADA,Efectivo,PEN,3200.0,160.0,547.2,3587.2
10171,1,4,11,2024-11-07,COMPLETADA,Efectivo,PEN,5900.0,535.0,965.7,6330.7
10472,73,3,7,2024-11-07,COMPLETADA,Transferencia,PEN,4400.0,660.0,673.2,4413.2
10011,11,2,4,2024-11-07,COMPLETADA,Efectivo,PEN,9600.0,960.0,1555.2,10195.2
10898,43,4,11,2024-11-07,COMPLETADA,Yape/Plin,PEN,4600.0,230.0,786.6,5156.6
10042,64,1,2,2024-11-07,COMPLETADA,Transferencia,PEN,2400.0,360.0,367.2,2407.2
10564,15,3,7,2024-11-08,COMPLETADA,Yape/Plin,PEN,3200.0,320.0,518.4,3398.4
10777,12,3,8,2024-11-08,COMPLETADA,Tarjeta,PEN,2900.0,0.0,522.0,3422.0
10827,30,4,1,2024-11-09,COMPLETADA,Tarjeta,PEN,480.0,48.0,77.76,509.76
10238,38,2,5,2024-11-10,COMPLETADA,Efectivo,PEN,4740.0,321.0,795.42,5214.42
10812,43,4,1,2024-11-10,COMPLETADA,Yape/Plin,PEN,1520.0,0.0,273.6,1793.6
10344,74,3,9,2024-11-10,COMPLETADA,Transferencia,PEN,2350.0,270.0,374.4,2454.4
10460,52,1,2,2024-11-11,COMPLETADA,Efectivo,PEN,420.0,0.0,75.6,495.6
10370,30,2,6,2024-11-12,COMPLETADA,Transferencia,PEN,480.0,24.0,82.08,538.08
10644,73,4,11,2024-11-13,COMPLETADA,Efectivo,PEN,8280.0,1218.0,1271.16,8333.16
10379,64,3,8,2024-11-15,COMPLETADA,Tarjeta,PEN,480.0,48.0,77.76,509.76
10109,25,2,10,2024-11-16,PENDIENTE,Efectivo,PEN,2200.0,0.0,396.0,2596.0
10612,76,4,11,2024-11-17,COMPLETADA,Yape/Plin,PEN,480.0,0.0,86.4,566.4
10353,53,3,9,2024-11-19,COMPLETADA,Yape/Plin,PEN,550.0,27.5,94.05,616.55
10323,55,2,4,2024-11-19,COMPLETADA,Transferencia,PEN,8600.0,110.0,1528.2,10018.2
10089,40,5,12,2024-11-19,PENDIENTE,Efectivo,PEN,1800.0,0.0,324.0,2124.0
10849,15,4,11,2024-11-20,COMPLETADA,Tarjeta,PEN,5080.0,690.0,790.2,5180.2
10875,41,2,5,2024-11-21,COMPLETADA,Efectivo,PEN,2200.0,0.0,396.0,2596.0
10082,13,3,7,2024-11-22,COMPLETADA,Yape/Plin,PEN,8360.0,0.0,1504.8,9864.8
10844,73,1,2,2024-11-23,COMPLETADA,Yape/Plin,PEN,8900.0,540.0,1504.8,9864.8
10253,9,1,2,2024-11-23,COMPLETADA,Yape/Plin,PEN,15400.0,1050.0,2583.0,16933.0
10450,26,2,6,2024-11-24,COMPLETADA,Yape/Plin,PEN,2750.0,357.5,430.65,2823.15
10126,37,1,2,2024-11-24,COMPLETADA,Transferencia,PEN,840.0,0.0,151.2,991.2
10604,8,1,2,2024-11-26,COMPLETADA,Yape/Plin,PEN,3200.0,0.0,576.0,3776.0
10382,21,1,2,2024-11-26,COMPLETADA,Yape/Plin,PEN,840.0,0.0,151.2,991.2
10032,8,3,8,2024-11-28,COMPLETADA,Transferencia,PEN,3200.0,0.0,576.0,3776.0
10371,61,4,11,2024-11-29,COMPLETADA,Transferencia,PEN,8180.0,877.0,1314.54,8617.54
10457,72,1,2,2024-11-29,COMPLETADA,Efectivo,PEN,1800.0,270.0,275.4,1805.4
10359,47,5,12,2024-11-29,COMPLETADA,Yape/Plin,PEN,10500.0,525.0,1795.5,11770.5
10584,59,1,2,2024-11-30,COMPLETADA,Transferencia,PEN,900.0,24.0,157.68,1033.68
10038,54,2,5,2024-11-30,COMPLETADA,Yape/Plin,PEN,4400.0,220.0,752.4,4932.4
10586,37,2,4,2024-12-01,COMPLETADA,Transferencia,PEN,6400.0,960.0,979.2,6419.2
10130,12,4,1,2024-12-01,COMPLETADA,Transferencia,PEN,1800.0,180.0,291.6,1911.6
10603,6,5,12,2024-12-03,COMPLETADA,Transferencia,PEN,840.0,42.0,143.64,941.64
10029,13,4,1,2024-12-05,COMPLETADA,Efectivo,PEN,480.0,0.0,86.4,566.4
10796,47,3,9,2024-12-05,COMPLETADA,Yape/Plin,PEN,2200.0,220.0,356.4,2336.4
10162,50,2,4,2024-12-05,COMPLETADA,Yape/Plin,PEN,3200.0,0.0,576.0,3776.0
10719,23,3,9,2024-12-06,COMPLETADA,Yape/Plin,PEN,3900.0,585.0,596.7,3911.7
10274,23,3,9,2024-12-06,COMPLETADA,Efectivo,PEN,480.0,0.0,86.4,566.4
10583,55,1,2,2024-12-06,COMPLETADA,Tarjeta,PEN,3900.0,585.0,596.7,3911.7
10815,16,3,7,2024-12-07,ANULADA,Transferencia,PEN,4200.0,0.0,756.0,4956.0
10402,45,4,11,2024-12-08,PENDIENTE,Tarjeta,PEN,2220.0,243.0,355.86,2332.86
10219,1,4,11,2024-12-09,COMPLETADA,Transferencia,PEN,1260.0,0.0,226.8,1486.8
10396,21,5,12,2024-12-11,PENDIENTE,Yape/Plin,PEN,4800.0,480.0,777.6,5097.6
10878,3,1,2,2024-12-11,COMPLETADA,Efectivo,PEN,6800.0,560.0,1123.2,7363.2
10385,8,1,2,2024-12-12,COMPLETADA,Tarjeta,PEN,1800.0,270.0,275.4,1805.4
10297,14,4,1,2024-12-12,ANULADA,Tarjeta,PEN,7400.0,915.0,1167.3,7652.3
10698,29,4,11,2024-12-13,COMPLETADA,Efectivo,PEN,6400.0,0.0,1152.0,7552.0
10163,78,5,12,2024-12-14,PENDIENTE,Yape/Plin,PEN,4400.0,440.0,712.8,4672.8
10351,15,5,12,2024-12-14,COMPLETADA,Yape/Plin,PEN,16900.0,1370.0,2795.4,18325.4
10750,76,2,4,2024-12-14,COMPLETADA,Transferencia,PEN,3620.0,522.0,557.64,3655.64
10004,36,5,12,2024-12-14,COMPLETADA,Transferencia,PEN,3200.0,0.0,576.0,3776.0
10649,56,2,10,2024-12-14,COMPLETADA,Yape/Plin,PEN,550.0,0.0,99.0,649.0
10608,60,2,5,2024-12-15,PENDIENTE,Tarjeta,PEN,3200.0,320.0,518.4,3398.4
10101,17,5,3,2024-12-18,COMPLETADA,Transferencia,PEN,840.0,126.0,128.52,842.52
10107,52,2,6,2024-12-19,COMPLETADA,Tarjeta,PEN,3500.0,350.0,567.0,3717.0
10569,10,3,9,2024-12-21,COMPLETADA,Efectivo,PEN,4200.0,300.0,702.0,4602.0
10415,46,3,9,2024-12-21,COMPLETADA,Yape/Plin,PEN,10800.0,320.0,1886.4,12366.4
10868,71,3,8,2024-12-22,COMPLETADA,Efectivo,PEN,6400.0,320.0,1094.4,7174.4
10500,54,1,2,2024-12-22,COMPLETADA,Tarjeta,PEN,8100.0,0.0,1458.0,9558.0
10067,45,2,5,2024-12-23,COMPLETADA,Yape/Plin,PEN,3900.0,0.0,702.0,4602.0
10783,24,4,11,2024-12-24,COMPLETADA,Efectivo,PEN,550.0,0.0,99.0,649.0
10057,72,3,7,2024-12-24,COMPLETADA,Transferencia,PEN,8100.0,405.0,1385.1,9080.1
10340,76,5,3,2024-12-24,COMPLETADA,Yape/Plin,PEN,3600.0,0.0,648.0,4248.0
10440,72,2,4,2024-12-24,COMPLETADA,Yape/Plin,PEN,550.0,82.5,84.15,551.65
10204,55,3,7,2024-12-25,COMPLETADA,Tarjeta,PEN,3900.0,585.0,596.7,3911.7
10444,9,2,6,2024-12-28,COMPLETADA,Yape/Plin,PEN,8360.0,208.0,1467.36,9619.36
10365,42,5,12,2024-12-29,COMPLETADA,Efectivo,PEN,7600.0,220.0,1328.4,8708.4
10233,23,2,5,2024-12-29,COMPLETADA,Yape/Plin,PEN,5700.0,480.0,939.6,6159.6
10271,29,3,8,2024-12-29,COMPLETADA,Yape/Plin,PEN,3900.0,0.0,702.0,4602.0
10538,21,1,2,2024-12-31,COMPLETADA,Yape/Plin,PEN,2200.0,0.0,396.0,2596.0
10322,17,2,4,2024-12-31,COMPLETADA,Tarjeta,PEN,10100.0,330.0,1758.6,11528.6
10716,42,2,4,2024-12-31,COMPLETADA,Yape/Plin,PEN,1800.0,0.0,324.0,2124.0
10289,79,1,2,2025-01-02,COMPLETADA,Efectivo,PEN,3200.0,0.0,576.0,3776.0
10398,58,4,11,2025-01-03,COMPLETADA,Tarjeta,PEN,12600.0,609.0,2158.38,14149.38
10742,52,4,1,2025-01-04,PENDIENTE,Yape/Plin,PEN,4340.0,84.0,766.08,5022.08
10166,14,1,2,2025-01-04,PENDIENTE,Efectivo,PEN,2200.0,0.0,396.0,2596.0
10758,74,1,2,2025-01-05,COMPLETADA,Efectivo,PEN,900.0,48.0,153.36,1005.36
10044,13,3,9,2025-01-06,ANULADA,Yape/Plin,PEN,2200.0,0.0,396.0,2596.0
10112,71,3,7,2025-01-06,COMPLETADA,Efectivo,PEN,2750.0,27.5,490.05,3212.55
10576,12,4,1,2025-01-07,COMPLETADA,Tarjeta,PEN,7800.0,1170.0,1193.4,7823.4
10360,24,4,11,2025-01-09,COMPLETADA,Yape/Plin,PEN,3200.0,0.0,576.0,3776.0
10331,76,1,2,2025-01-09,COMPLETADA,Transferencia,PEN,4800.0,240.0,820.8,5380.8
10096,51,3,9,2025-01-10,COMPLETADA,Tarjeta,PEN,480.0,48.0,77.76,509.76
10091,67,3,7,2025-01-11,COMPLETADA,Tarjeta,PEN,480.0,24.0,82.08,538.08
10261,60,5,12,2025-01-12,COMPLETADA,Tarjeta,PEN,4200.0,420.0,680.4,4460.4
10531,50,3,7,2025-01-13,COMPLETADA,Yape/Plin,PEN,7000.0,0.0,1260.0,8260.0
10329,30,1,2,2025-01-13,COMPLETADA,Yape/Plin,PEN,7000.0,0.0,1260.0,8260.0
10055,17,5,3,2025-01-16,COMPLETADA,Yape/Plin,PEN,11200.0,640.0,1900.8,12460.8
10226,11,5,12,2025-01-16,ANULADA,Tarjeta,PEN,550.0,55.0,89.1,584.1
10185,19,5,12,2025-01-17,COMPLETADA,Transferencia,PEN,3200.0,480.0,489.6,3209.6
10781,15,3,9,2025-01-17,COMPLETADA,Tarjeta,PEN,3500.0,0.0,630.0,4130.0
10642,39,3,8,2025-01-18,COMPLETADA,Transferencia,PEN,3900.0,195.0,666.9,4371.9
10714,31,2,4,2025-01-18,COMPLETADA,Tarjeta,PEN,6550.0,0.0,1179.0,7729.0
10730,63,4,11,2025-01-18,PENDIENTE,Yape/Plin,PEN,2200.0,330.0,336.6,2206.6
10688,64,5,12,2025-01-18,COMPLETADA,Yape/Plin,PEN,3500.0,350.0,567.0,3717.0
10139,11,5,3,2025-01-19,COMPLETADA,Yape/Plin,PEN,4200.0,0.0,756.0,4956.0
10027,59,3,7,2025-01-21,PENDIENTE,Transferencia,PEN,3600.0,360.0,583.2,3823.2
10671,41,1,2,2025-01-21,COMPLETADA,Efectivo,PEN,3900.0,0.0,702.0,4602.0
10823,4,4,11,2025-01-21,COMPLETADA,Tarjeta,PEN,4600.0,175.0,796.5,5221.5
10850,28,3,7,2025-01-21,PENDIENTE,Tarjeta,PEN,2400.0,120.0,410.4,2690.4
10562,79,3,8,2025-01-21,COMPLETADA,Tarjeta,PEN,960.0,48.0,164.16,1076.16
10375,29,3,7,2025-01-22,COMPLETADA,Transferencia,PEN,7800.0,390.0,1333.8,8743.8
10052,77,5,12,2025-01-25,COMPLETADA,Efectivo,PEN,1100.0,165.0,168.3,1103.3
10709,44,4,1,2025-01-25,COMPLETADA,Tarjeta,PEN,480.0,48.0,77.76,509.76
10304,50,4,11,2025-01-25,PENDIENTE,Tarjeta,PEN,2200.0,220.0,356.4,2336.4
10590,17,4,1,2025-01-26,COMPLETADA,Yape/Plin,PEN,5000.0,160.0,871.2,5711.2
10515,47,4,1,2025-01-27,COMPLETADA,Transferencia,PEN,4750.0,210.0,817.2,5357.2
10288,62,4,1,2025-01-29,COMPLETADA,Tarjeta,PEN,5260.0,526.0,852.12,5586.12
10168,2,3,8,2025-01-29,COMPLETADA,Tarjeta,PEN,6000.0,0.0,1080.0,7080.0
10746,38,5,3,2025-01-29,COMPLETADA,Tarjeta,PEN,550.0,82.5,84.15,551.65
10819,46,3,8,2025-01-29,COMPLETADA,Efectivo,PEN,5280.0,72.0,937.44,6145.44
10248,24,3,8,2025-01-31,COMPLETADA,Efectivo,PEN,3500.0,0.0,630.0,4130.0
10316,16,5,3,2025-02-02,COMPLETADA,Tarjeta,PEN,4346.04,66.91,770.24,5049.37
10633,17,5,12,2025-02-03,COMPLETADA,Yape/Plin,PEN,500.42,75.06,76.56,501.92
10110,65,4,1,2025-02-06,COMPLETADA,Yape/Plin,PEN,2200.0,220.0,356.4,2336.4
10510,62,1,2,2025-02-07,COMPLETADA,Tarjeta,PEN,446.04,44.6,72.26,473.7
10752,2,5,12,2025-02-08,COMPLETADA,Yape/Plin,PEN,7400.0,175.0,1300.5,8525.5
10594,48,2,4,2025-02-08,COMPLETADA,Yape/Plin,PEN,7000.0,700.0,1134.0,7434.0
10122,45,2,6,2025-02-08,COMPLETADA,Tarjeta,PEN,3500.0,350.0,567.0,3717.0
10690,28,3,8,2025-02-09,ANULADA,Transferencia,PEN,5359.14,412.5,890.4,5837.04
10066,40,3,7,2025-02-09,COMPLETADA,Transferencia,PEN,550.0,0.0,99.0,649.0
10196,28,4,1,2025-02-11,COMPLETADA,Yape/Plin,PEN,11009.14,811.37,1835.6,12033.37
10734,76,1,2,2025-02-11,COMPLETADA,Transferencia,PEN,6100.0,720.0,968.4,6348.4
10801,64,5,3,2025-02-11,COMPLETADA,Efectivo,PEN,3415.1,170.75,583.98,3828.33
10727,49,2,10,2025-02-11,COMPLETADA,Efectivo,PEN,7892.08,744.6,1286.55,8434.03
10345,44,5,3,2025-02-14,COMPLETADA,Tarjeta,PEN,4500.84,275.08,760.64,4986.4
10554,76,1,2,2025-02-14,COMPLETADA,Transferencia,PEN,7800.0,780.0,1263.6,8283.6
10859,41,5,3,2025-02-16,COMPLETADA,Tarjeta,PEN,8900.42,495.06,1512.96,9918.32
10021,66,1,2,2025-02-17,COMPLETADA,Transferencia,PEN,7800.0,780.0,1263.6,8283.6
10181,24,2,10,2025-02-18,COMPLETADA,Transferencia,PEN,3415.1,0.0,614.72,4029.82
10708,58,2,6,2025-02-23,COMPLETADA,Tarjeta,PEN,550.0,55.0,89.1,584.1
10245,71,5,12,2025-02-23,COMPLETADA,Yape/Plin,PEN,446.04,66.91,68.24,447.37
10784,16,4,1,2025-02-24,COMPLETADA,Yape/Plin,PEN,3415.1,170.75,583.98,3828.33
10702,51,2,4,2025-02-24,COMPLETADA,Efectivo,PEN,550.0,0.0,99.0,649.0
10203,79,4,1,2025-02-25,COMPLETADA,Tarjeta,PEN,550.0,55.0,89.1,584.1
10020,64,3,9,2025-02-25,PENDIENTE,Tarjeta,PEN,2609.14,0.0,469.65,3078.79
10541,44,2,4,2025-02-25,COMPLETADA,Transferencia,PEN,12300.0,1260.0,1987.2,13027.2
10508,67,4,1,2025-02-25,COMPLETADA,Efectivo,PEN,3415.1,0.0,614.72,4029.82
10443,8,5,12,2025-02-27,COMPLETADA,Yape/Plin,PEN,446.04,22.3,76.27,500.01
10857,5,1,2,2025-02-28,COMPLETADA,Yape/Plin,PEN,12027.42,630.0,2051.54,13448.96
10534,23,5,12,2025-02-28,COMPLETADA,Transferencia,PEN,3415.1,341.51,553.25,3626.84
10706,32,2,10,2025-03-01,COMPLETADA,Transferencia,PEN,3965.1,0.0,713.72,4678.82
10178,11,1,2,2025-03-01,COMPLETADA,Yape/Plin,PEN,1800.0,90.0,307.8,2017.8
10715,66,1,2,2025-03-01,COMPLETADA,Transferencia,PEN,11815.1,0.0,2126.72,13941.82
10116,75,3,9,2025-03-02,COMPLETADA,Tarjeta,PEN,6600.0,990.0,1009.8,6619.8
10542,59,1,2,2025-03-03,COMPLETADA,Tarjeta,PEN,2200.0,0.0,396.0,2596.0
10127,23,1,2,2025-03-03,COMPLETADA,Transferencia,PEN,6846.04,982.3,1055.47,6919.21
10299,78,2,6,2025-03-04,COMPLETADA,Yape/Plin,PEN,12400.42,1860.06,1897.26,12437.62
10507,22,3,7,2025-03-04,ANULADA,Transferencia,PEN,4900.84,585.0,776.85,5092.69
10799,71,3,9,2025-03-04,PENDIENTE,Yape/Plin,PEN,1100.0,0.0,198.0,1298.0
10043,76,2,10,2025-03-05,COMPLETADA,Efectivo,PEN,2646.04,0.0,476.29,3122.33
10241,22,4,11,2025-03-05,ANULADA,Yape/Plin,PEN,1100.0,165.0,168.3,1103.3
10846,68,2,6,2025-03-05,COMPLETADA,Tarjeta,PEN,3415.1,170.75,583.98,3828.33
10629,30,2,10,2025-03-07,COMPLETADA,Efectivo,PEN,11009.14,840.0,1830.45,11999.59
10366,79,5,12,2025-03-07,COMPLETADA,Tarjeta,PEN,2609.14,130.46,446.16,2924.84
10751,41,3,9,2025-03-09,PENDIENTE,Transferencia,PEN,3900.0,0.0,702.0,4602.0
10578,28,2,4,2025-03-09,COMPLETADA,Yape/Plin,PEN,4400.0,0.0,792.0,5192.0
10467,80,2,10,2025-03-11,COMPLETADA,Efectivo,PEN,1800.0,270.0,275.4,1805.4
10198,26,2,6,2025-03-14,COMPLETADA,Yape/Plin,PEN,2609.14,130.46,446.16,2924.84
10785,24,5,12,2025-03-14,COMPLETADA,Efectivo,PEN,4000.42,350.0,657.08,4307.5
10588,77,3,7,2025-03-15,COMPLETADA,Yape/Plin,PEN,3900.0,585.0,596.7,3911.7
10872,24,3,7,2025-03-15,COMPLETADA,Yape/Plin,PEN,2609.14,130.46,446.16,2924.84
10789,77,1,2,2025-03-15,COMPLETADA,Yape/Plin,PEN,3415.1,0.0,614.72,4029.82
10795,24,3,8,2025-03-17,COMPLETADA,Yape/Plin,PEN,446.04,0.0,80.29,526.33
10545,6,2,4,2025-03-17,COMPLETADA,Tarjeta,PEN,2200.0,110.0,376.2,2466.2
10890,66,3,7,2025-03-17,COMPLETADA,Yape/Plin,PEN,3415.1,341.51,553.25,3626.84
10666,53,3,7,2025-03-18,COMPLETADA,Efectivo,PEN,8400.0,0.0,1512.0,9912.0
10464,76,4,11,2025-03-18,COMPLETADA,Efectivo,PEN,4200.0,0.0,756.0,4956.0
10870,58,4,11,2025-03-19,COMPLETADA,Tarjeta,PEN,7015.1,170.75,1231.98,8076.33
10589,59,4,1,2025-03-21,COMPLETADA,Transferencia,PEN,2200.0,220.0,356.4,2336.4
10574,55,1,2,2025-03-22,COMPLETADA,Transferencia,PEN,2200.0,0.0,396.0,2596.0
10682,25,5,12,2025-03-26,COMPLETADA,Tarjeta,PEN,2200.0,110.0,376.2,2466.2
10712,46,2,5,2025-03-27,COMPLETADA,Transferencia,PEN,892.08,133.81,136.49,894.76
10543,77,5,12,2025-03-28,COMPLETADA,Yape/Plin,PEN,550.0,0.0,99.0,649.0
10078,79,3,9,2025-03-30,COMPLETADA,Transferencia,PEN,6600.0,660.0,1069.2,7009.2
10835,17,3,8,2025-04-03,COMPLETADA,Efectivo,PEN,3415.1,512.26,522.51,3425.35
10635,39,5,3,2025-04-04,COMPLETADA,Transferencia,PEN,12000.0,210.0,2122.2,13912.2
10871,22,1,2,2025-04-05,COMPLETADA,Yape/Plin,PEN,6809.14,130.46,1202.16,7880.84
10656,6,1,2,2025-04-07,PENDIENTE,Yape/Plin,PEN,946.46,72.34,157.34,1031.46
10876,22,5,12,2025-04-08,COMPLETADA,Transferencia,PEN,2200.0,330.0,336.6,2206.6
10295,15,1,2,2025-04-08,COMPLETADA,Yape/Plin,PEN,6400.0,0.0,1152.0,7552.0
10225,72,5,3,2025-04-08,COMPLETADA,Tarjeta,PEN,1050.42,55.0,179.18,1174.6
10350,52,5,3,2025-04-10,COMPLETADA,Efectivo,PEN,4200.0,210.0,718.2,4708.2
10428,12,3,8,2025-04-10,COMPLETADA,Transferencia,PEN,4450.0,55.0,791.1,5186.1
10045,12,2,4,2025-04-10,COMPLETADA,Yape/Plin,PEN,1000.84,0.0,180.15,1180.99
10637,13,2,10,2025-04-10,COMPLETADA,Tarjeta,PEN,6830.2,683.02,1106.49,7253.67
10155,48,1,2,2025-04-11,COMPLETADA,Tarjeta,PEN,4200.0,0.0,756.0,4956.0
10278,67,5,12,2025-04-11,COMPLETADA,Transferencia,PEN,3500.0,0.0,630.0,4130.0
10213,66,3,7,2025-04-11,COMPLETADA,Transferencia,PEN,4400.0,660.0,673.2,4413.2
10025,71,2,10,2025-04-12,COMPLETADA,Transferencia,PEN,5615.1,330.0,951.32,6236.42
10552,77,3,9,2025-04-12,PENDIENTE,Efectivo,PEN,3415.1,341.51,553.25,3626.84
10522,39,5,3,2025-04-13,ANULADA,Yape/Plin,PEN,2200.0,110.0,376.2,2466.2
10358,16,5,12,2025-04-13,COMPLETADA,Tarjeta,PEN,1800.0,0.0,324.0,2124.0
10493,69,2,5,2025-04-14,ANULADA,Tarjeta,PEN,3946.04,525.0,615.79,4036.83
10808,24,2,5,2025-04-15,COMPLETADA,Transferencia,PEN,4846.04,660.0,753.49,4939.53
10560,5,1,2,2025-04-15,COMPLETADA,Yape/Plin,PEN,4000.42,375.02,652.57,4277.97
10883,16,2,6,2025-04-16,COMPLETADA,Efectivo,PEN,4750.0,502.5,764.55,5012.05
10614,52,5,12,2025-04-16,COMPLETADA,Yape/Plin,PEN,5615.1,0.0,1010.72,6625.82
10321,71,1,2,2025-04-17,COMPLETADA,Yape/Plin,PEN,3900.0,195.0,666.9,4371.9
10265,39,5,12,2025-04-22,COMPLETADA,Tarjeta,PEN,2609.14,391.37,399.2,2616.97
10151,13,4,11,2025-04-22,ANULADA,Yape/Plin,PEN,446.04,0.0,80.29,526.33
10747,22,4,1,2025-04-23,COMPLETADA,Transferencia,PEN,1000.84,0.0,180.15,1180.99
10388,36,5,3,2025-04-24,COMPLETADA,Transferencia,PEN,2200.0,220.0,356.4,2336.4
10393,8,3,9,2025-04-24,COMPLETADA,Efectivo,PEN,4846.04,0.0,872.29,5718.33
10421,48,2,10,2025-04-25,COMPLETADA,Transferencia,PEN,1800.0,0.0,324.0,2124.0
10471,74,3,8,2025-04-25,COMPLETADA,Yape/Plin,PEN,446.04,66.91,68.24,447.37
10677,40,5,12,2025-04-25,COMPLETADA,Tarjeta,PEN,500.42,75.06,76.56,501.92
10272,7,5,3,2025-04-26,COMPLETADA,Transferencia,PEN,3415.1,341.51,553.25,3626.84
10362,2,2,10,2025-04-29,COMPLETADA,Yape/Plin,PEN,6100.0,330.0,1038.6,6808.6
10369,71,1,2,2025-04-29,COMPLETADA,Tarjeta,PEN,3900.0,390.0,631.8,4141.8
10616,55,1,2,2025-04-30,COMPLETADA,Transferencia,PEN,7400.0,350.0,1269.0,8319.0
10114,67,4,1,2025-04-30,COMPLETADA,Transferencia,PEN,3900.0,390.0,631.8,4141.8
10689,35,5,12,2025-04-30,COMPLETADA,Tarjeta,PEN,1800.0,0.0,324.0,2124.0
10257,35,3,7,2025-05-01,COMPLETADA,Yape/Plin,PEN,7000.0,0.0,1260.0,8260.0
10160,35,1,2,2025-05-01,COMPLETADA,Yape/Plin,PEN,4346.04,195.0,747.19,4898.23
10465,18,2,10,2025-05-01,COMPLETADA,Yape/Plin,PEN,3701.26,0.0,666.23,4367.49
10607,35,5,12,2025-05-02,COMPLETADA,Efectivo,PEN,4400.42,465.06,708.36,4643.72
10889,68,4,11,2025-05-02,COMPLETADA,Tarjeta,PEN,1800.0,270.0,275.4,1805.4
10179,13,4,11,2025-05-02,COMPLETADA,Yape/Plin,PEN,550.0,27.5,94.05,616.55
10477,69,2,10,2025-05-02,COMPLETADA,Efectivo,PEN,500.42,50.04,81.07,531.45
10049,58,3,9,2025-05-02,COMPLETADA,Efectivo,PEN,3900.0,585.0,596.7,3911.7
10740,63,1,2,2025-05-04,COMPLETADA,Tarjeta,PEN,996.04,82.5,164.44,1077.98
10456,60,2,6,2025-05-05,COMPLETADA,Transferencia,PEN,6830.2,0.0,1229.44,8059.64
10010,57,3,7,2025-05-05,PENDIENTE,Yape/Plin,PEN,8250.0,630.0,1371.6,8991.6
10324,60,4,11,2025-05-06,COMPLETADA,Efectivo,PEN,500.42,0.0,90.08,590.5
10729,10,3,7,2025-05-07,COMPLETADA,Transferencia,PEN,1800.0,270.0,275.4,1805.4
10372,70,2,4,2025-05-08,COMPLETADA,Yape/Plin,PEN,500.42,0.0,90.08,590.5
10291,45,4,1,2025-05-08,COMPLETADA,Tarjeta,PEN,500.42,50.04,81.07,531.45
10039,38,3,7,2025-05-08,COMPLETADA,Tarjeta,PEN,3600.0,360.0,583.2,3823.2
10244,4,4,1,2025-05-09,COMPLETADA,Efectivo,PEN,550.0,0.0,99.0,649.0
10401,23,4,1,2025-05-09,COMPLETADA,Yape/Plin,PEN,3900.0,0.0,702.0,4602.0
10800,54,5,3,2025-05-09,COMPLETADA,Yape/Plin,PEN,2700.42,75.06,472.56,3097.92
10002,60,4,11,2025-05-10,COMPLETADA,Transferencia,PEN,5500.0,660.0,871.2,5711.2
10387,57,5,12,2025-05-11,COMPLETADA,Efectivo,PEN,500.42,25.02,85.57,560.97
10599,59,4,1,2025-05-11,COMPLETADA,Transferencia,PEN,550.0,27.5,94.05,616.55
10710,60,1,2,2025-05-11,COMPLETADA,Transferencia,PEN,4500.84,175.0,778.65,5104.49
10843,28,4,1,2025-05-12,COMPLETADA,Tarjeta,PEN,3500.0,0.0,630.0,4130.0
10076,25,2,5,2025-05-12,COMPLETADA,Yape/Plin,PEN,5300.0,375.0,886.5,5811.5
10332,62,5,3,2025-05-13,COMPLETADA,Transferencia,PEN,1800.0,90.0,307.8,2017.8
10188,22,1,2,2025-05-15,COMPLETADA,Transferencia,PEN,2200.0,110.0,376.2,2466.2
10764,9,5,3,2025-05-15,COMPLETADA,Transferencia,PEN,5750.84,685.0,911.85,5977.69
10194,19,5,12,2025-05-16,COMPLETADA,Efectivo,PEN,550.0,27.5,94.05,616.55
10275,12,2,10,2025-05-16,COMPLETADA,Efectivo,PEN,3500.0,0.0,630.0,4130.0
10246,20,1,2,2025-05-17,COMPLETADA,Tarjeta,PEN,3900.0,0.0,702.0,4602.0
10164,30,3,9,2025-05-17,PENDIENTE,Efectivo,PEN,3900.0,0.0,702.0,4602.0
10579,69,3,9,2025-05-17,PENDIENTE,Yape/Plin,PEN,3500.0,175.0,598.5,3923.5
10234,5,1,2,2025-05-17,COMPLETADA,Transferencia,PEN,3500.0,525.0,535.5,3510.5
10485,26,5,12,2025-05-18,COMPLETADA,Efectivo,PEN,8400.0,0.0,1512.0,9912.0
10296,18,4,1,2025-05-19,COMPLETADA,Transferencia,PEN,3415.1,0.0,614.72,4029.82
10558,60,2,6,2025-05-19,COMPLETADA,Efectivo,PEN,4200.0,630.0,642.6,4212.6
10879,79,1,2,2025-05-20,COMPLETADA,Efectivo,PEN,1100.0,165.0,168.3,1103.3
10754,38,4,1,2025-05-21,PENDIENTE,Yape/Plin,PEN,3600.0,0.0,648.0,4248.0
10292,22,1,2,2025-05-22,COMPLETADA,Yape/Plin,PEN,6446.04,224.6,1119.86,7341.3
10680,29,1,2,2025-05-22,COMPLETADA,Efectivo,PEN,8800.0,790.0,1441.8,9451.8
10228,4,4,11,2025-05-23,COMPLETADA,Transferencia,PEN,11800.0,760.0,1987.2,13027.2
10820,69,5,12,2025-05-24,COMPLETADA,Transferencia,PEN,3900.0,585.0,596.7,3911.7
10487,20,1,2,2025-05-24,COMPLETADA,Yape/Plin,PEN,5218.28,782.74,798.4,5233.94
10837,13,4,11,2025-05-25,COMPLETADA,Yape/Plin,PEN,2200.0,110.0,376.2,2466.2
10229,53,5,12,2025-05-25,COMPLETADA,Yape/Plin,PEN,3415.1,512.26,522.51,3425.35
10596,36,3,8,2025-05-26,COMPLETADA,Yape/Plin,PEN,6400.0,420.0,1076.4,7056.4
10851,16,4,11,2025-05-29,COMPLETADA,Yape/Plin,PEN,4200.0,210.0,718.2,4708.2
10231,42,4,11,2025-05-29,COMPLETADA,Yape/Plin,PEN,892.08,44.6,152.55,1000.03
10072,23,1,2,2025-05-31,COMPLETADA,Efectivo,PEN,3900.0,195.0,666.9,4371.9
10208,37,5,12,2025-06-02,COMPLETADA,Efectivo,PEN,4495.66,0.0,809.22,5304.88
10175,54,5,3,2025-06-02,COMPLETADA,Yape/Plin,PEN,5045.66,27.5,903.27,5921.43
10413,13,3,8,2025-06-04,COMPLETADA,Tarjeta,PEN,13486.98,2023.05,2063.51,13527.44
10732,63,3,9,2025-06-05,COMPLETADA,Efectivo,PEN,9200.0,90.0,1639.8,10749.8
10813,54,2,4,2025-06-07,ANULADA,Tarjeta,PEN,3415.1,170.75,583.98,3828.33
10790,24,2,6,2025-06-07,COMPLETADA,Yape/Plin,PEN,9115.1,512.26,1548.51,10151.35
10556,36,2,10,2025-06-07,COMPLETADA,Yape/Plin,PEN,1800.0,0.0,324.0,2124.0
10610,14,5,12,2025-06-09,COMPLETADA,Efectivo,PEN,6100.0,915.0,933.3,6118.3
10193,13,2,10,2025-06-10,ANULADA,Yape/Plin,PEN,8300.42,805.02,1349.17,8844.57
10312,66,4,11,2025-06-10,COMPLETADA,Transferencia,PEN,1100.0,0.0,198.0,1298.0
10539,25,2,4,2025-06-10,COMPLETADA,Transferencia,PEN,5218.28,260.91,892.33,5849.7
10744,53,2,4,2025-06-11,PENDIENTE,Yape/Plin,PEN,5218.28,260.91,892.33,5849.7
10630,9,1,2,2025-06-13,COMPLETADA,Transferencia,PEN,6830.2,0.0,1229.44,8059.64
10899,77,4,1,2025-06-14,COMPLETADA,Tarjeta,PEN,6830.2,0.0,1229.44,8059.64
10551,18,4,11,2025-06-16,COMPLETADA,Tarjeta,PEN,3500.0,175.0,598.5,3923.5
10670,31,1,2,2025-06-16,COMPLETADA,Efectivo,PEN,1650.0,0.0,297.0,1947.0
10373,18,3,8,2025-06-19,COMPLETADA,Tarjeta,PEN,11300.0,1520.0,1760.4,11540.4
10390,64,5,3,2025-06-20,COMPLETADA,Yape/Plin,PEN,2609.14,391.37,399.2,2616.97
10429,50,5,3,2025-06-20,COMPLETADA,Efectivo,PEN,1000.84,150.13,153.13,1003.84
10086,47,1,2,2025-06-20,COMPLETADA,Efectivo,PEN,10245.3,512.26,1751.95,11484.99
10128,64,2,10,2025-06-20,COMPLETADA,Tarjeta,PEN,3500.0,0.0,630.0,4130.0
10145,41,4,11,2025-06-21,COMPLETADA,Efectivo,PEN,4495.66,0.0,809.22,5304.88
10705,43,5,12,2025-06-22,COMPLETADA,Tarjeta,PEN,5700.0,110.0,1006.2,6596.2
10134,58,5,12,2025-06-22,COMPLETADA,Tarjeta,PEN,8991.32,0.0,1618.44,10609.76
10825,39,4,11,2025-06-24,COMPLETADA,Efectivo,PEN,4846.04,0.0,872.29,5718.33
10886,66,3,8,2025-06-24,COMPLETADA,Transferencia,PEN,1050.42,77.54,175.12,1148.0
10156,36,5,12,2025-06-26,COMPLETADA,Efectivo,PEN,1550.84,150.13,252.13,1652.84
10310,61,5,3,2025-06-27,COMPLETADA,Yape/Plin,PEN,7800.0,0.0,1404.0,9204.0
10063,30,5,12,2025-06-29,COMPLETADA,Tarjeta,PEN,7000.0,350.0,1197.0,7847.0
10120,44,5,12,2025-06-29,COMPLETADA,Yape/Plin,PEN,5700.0,285.0,974.7,6389.7
10686,49,3,8,2025-06-29,COMPLETADA,Transferencia,PEN,14000.0,1140.0,2314.8,15174.8
10276,26,3,7,2025-06-30,ANULADA,Transferencia,PEN,446.04,0.0,80.29,526.33
10806,75,1,2,2025-07-04,PENDIENTE,Yape/Plin,PEN,8395.66,614.78,1400.56,9181.44
10549,1,1,2,2025-07-04,ANULADA,Efectivo,PEN,3900.0,0.0,702.0,4602.0
10313,69,1,2,2025-07-04,COMPLETADA,Transferencia,PEN,3965.1,341.51,652.25,4275.84
10650,22,3,7,2025-07-08,COMPLETADA,Tarjeta,PEN,3415.1,0.0,614.72,4029.82
10031,5,5,3,2025-07-08,COMPLETADA,Yape/Plin,PEN,12315.1,170.75,2185.98,14330.33
10190,6,4,1,2025-07-09,PENDIENTE,Tarjeta,PEN,5800.0,110.0,1024.2,6714.2
10514,74,2,4,2025-07-09,COMPLETADA,Yape/Plin,PEN,9883.4,44.6,1770.99,11609.79
10766,22,4,1,2025-07-11,COMPLETADA,Tarjeta,PEN,13695.66,1129.57,2261.9,14827.99
10496,18,3,7,2025-07-12,COMPLETADA,Transferencia,PEN,550.0,55.0,89.1,584.1
10798,80,3,8,2025-07-13,COMPLETADA,Transferencia,PEN,500.42,0.0,90.08,590.5
10218,32,2,4,2025-07-13,PENDIENTE,Tarjeta,PEN,2609.14,0.0,469.65,3078.79
10559,3,1,2,2025-07-13,ANULADA,Tarjeta,PEN,5218.28,521.83,845.36,5541.81
10284,64,2,10,2025-07-15,COMPLETADA,Tarjeta,PEN,1100.0,165.0,168.3,1103.3
10083,78,5,12,2025-07-15,COMPLETADA,Yape/Plin,PEN,550.0,55.0,89.1,584.1
10441,42,1,2,2025-07-17,COMPLETADA,Yape/Plin,PEN,3900.0,0.0,702.0,4602.0
10150,42,3,8,2025-07-19,COMPLETADA,Yape/Plin,PEN,2609.14,260.91,422.68,2770.91
10860,21,3,7,2025-07-20,COMPLETADA,Tarjeta,PEN,3900.0,585.0,596.7,3911.7
10319,72,2,4,2025-07-20,COMPLETADA,Efectivo,PEN,550.0,27.5,94.05,616.55
10858,51,2,10,2025-07-23,COMPLETADA,Efectivo,PEN,10245.3,0.0,1844.15,12089.45
10364,33,3,7,2025-07-24,COMPLETADA,Yape/Plin,PEN,5700.0,675.0,904.5,5929.5
10040,47,1,2,2025-07-24,COMPLETADA,Tarjeta,PEN,2200.0,110.0,376.2,2466.2
10113,47,2,5,2025-07-25,COMPLETADA,Efectivo,PEN,446.04,22.3,76.27,500.01
10315,10,5,3,2025-07-25,ANULADA,Efectivo,PEN,3415.1,0.0,614.72,4029.82
10678,7,4,11,2025-07-26,COMPLETADA,Transferencia,PEN,2350.0,235.0,380.7,2495.7
10451,66,1,2,2025-07-27,COMPLETADA,Yape/Plin,PEN,2200.0,0.0,396.0,2596.0
10301,62,5,12,2025-07-29,COMPLETADA,Yape/Plin,PEN,3861.14,0.0,695.01,4556.15
10097,16,3,8,2025-07-29,COMPLETADA,Transferencia,PEN,11100.0,620.0,1886.4,12366.4
10328,73,2,10,2025-08-02,PENDIENTE,Tarjeta,PEN,3500.0,175.0,598.5,3923.5
10664,65,4,1,2025-08-05,COMPLETADA,Transferencia,PEN,500.42,0.0,90.08,590.5
10260,4,2,5,2025-08-05,COMPLETADA,Transferencia,PEN,2246.04,112.3,384.07,2517.81
10841,52,1,2,2025-08-06,COMPLETADA,Efectivo,PEN,9609.14,1091.37,1533.2,10050.97
10153,32,4,11,2025-08-06,COMPLETADA,Efectivo,PEN,7900.42,835.06,1271.76,8337.12
10512,75,1,2,2025-08-07,COMPLETADA,Transferencia,PEN,7330.62,341.51,1258.04,8247.15
10392,50,4,11,2025-08-07,COMPLETADA,Transferencia,PEN,1546.04,0.0,278.29,1824.33
10251,80,2,4,2025-08-08,PENDIENTE,Efectivo,PEN,1501.26,0.0,270.23,1771.49
10216,48,1,2,2025-08-08,COMPLETADA,Tarjeta,PEN,6800.0,690.0,1099.8,7209.8
10361,17,5,3,2025-08-08,COMPLETADA,Yape/Plin,PEN,12406.42,0.0,2233.16,14639.58
10105,54,5,3,2025-08-08,COMPLETADA,Yape/Plin,PEN,5700.0,220.0,986.4,6466.4
10135,69,2,5,2025-08-09,COMPLETADA,Efectivo,PEN,1800.0,180.0,291.6,1911.6
10293,58,1,2,2025-08-09,COMPLETADA,Tarjeta,PEN,7826.24,1091.44,1212.26,7947.06
10631,8,5,12,2025-08-11,COMPLETADA,Yape/Plin,PEN,10409.14,1300.46,1639.56,10748.24
10404,65,1,2,2025-08-12,COMPLETADA,Efectivo,PEN,2609.14,391.37,399.2,2616.97
10064,55,5,12,2025-08-12,COMPLETADA,Efectivo,PEN,3415.1,170.75,583.98,3828.33
10619,41,5,3,2025-08-13,COMPLETADA,Efectivo,PEN,4050.0,377.5,661.05,4333.55
10357,17,1,2,2025-08-13,COMPLETADA,Tarjeta,PEN,6830.2,0.0,1229.44,8059.64
10757,18,4,11,2025-08-14,COMPLETADA,Transferencia,PEN,1800.0,0.0,324.0,2124.0
10117,30,1,2,2025-08-14,COMPLETADA,Efectivo,PEN,1800.0,0.0,324.0,2124.0
10821,29,1,2,2025-08-14,COMPLETADA,Transferencia,PEN,7447.26,130.46,1317.02,8633.82
10503,42,4,1,2025-08-16,COMPLETADA,Yape/Plin,PEN,550.0,0.0,99.0,649.0
10461,1,2,5,2025-08-17,COMPLETADA,Yape/Plin,PEN,3900.0,0.0,702.0,4602.0
10537,62,5,12,2025-08-18,COMPLETADA,Efectivo,PEN,4155.18,0.0,747.94,4903.12
10563,4,3,8,2025-08-20,COMPLETADA,Yape/Plin,PEN,6470.28,130.46,1141.17,7480.99
10687,63,2,4,2025-08-21,COMPLETADA,Tarjeta,PEN,6830.2,1024.53,1045.02,6850.69
10639,64,4,11,2025-08-21,COMPLETADA,Efectivo,PEN,3915.52,50.04,695.79,4561.27
10019,56,4,1,2025-08-22,COMPLETADA,Efectivo,PEN,1100.0,55.0,188.1,1233.1
10262,71,3,8,2025-08-23,COMPLETADA,Yape/Plin,PEN,2750.0,330.0,435.6,2855.6
10735,40,4,1,2025-08-23,COMPLETADA,Yape/Plin,PEN,6200.0,440.0,1036.8,6796.8
10696,71,4,11,2025-08-24,COMPLETADA,Tarjeta,PEN,1800.0,180.0,291.6,1911.6
10674,25,1,2,2025-08-24,COMPLETADA,Tarjeta,PEN,3600.0,0.0,648.0,4248.0
10161,19,4,1,2025-08-24,COMPLETADA,Transferencia,PEN,3415.1,512.26,522.51,3425.35
10254,67,4,1,2025-08-24,COMPLETADA,Transferencia,PEN,7800.0,0.0,1404.0,9204.0
10250,30,5,3,2025-08-26,COMPLETADA,Efectivo,PEN,11000.0,935.0,1811.7,11876.7
10791,20,2,4,2025-08-28,COMPLETADA,Tarjeta,PEN,3600.0,360.0,583.2,3823.2
10634,34,2,6,2025-08-29,COMPLETADA,Tarjeta,PEN,4809.14,130.46,842.16,5520.84
10728,69,2,5,2025-09-01,COMPLETADA,Efectivo,PEN,2200.0,330.0,336.6,2206.6
10060,11,1,2,2025-09-02,COMPLETADA,Tarjeta,PEN,5700.0,570.0,923.4,6053.4
10722,57,3,7,2025-09-04,COMPLETADA,Tarjeta,PEN,3415.1,170.75,583.98,3828.33
10142,7,2,4,2025-09-04,COMPLETADA,Transferencia,PEN,446.04,22.3,76.27,500.01
10673,80,1,2,2025-09-05,COMPLETADA,Efectivo,PEN,4857.82,27.5,869.46,5699.78
10753,41,3,9,2025-09-05,PENDIENTE,Tarjeta,PEN,4307.82,0.0,775.41,5083.23
10679,43,5,12,2025-09-06,COMPLETADA,Efectivo,PEN,550.0,0.0,99.0,649.0
10621,60,2,6,2025-09-08,COMPLETADA,Efectivo,PEN,6609.56,130.46,1166.24,7645.34
10172,26,4,11,2025-09-09,COMPLETADA,Efectivo,PEN,11158.69,1103.8,1809.88,11864.77
10339,70,1,2,2025-09-09,COMPLETADA,Yape/Plin,PEN,11325.86,1132.59,1834.79,12028.06
10613,34,1,2,2025-09-10,COMPLETADA,Tarjeta,PEN,446.04,44.6,72.26,473.7
10826,23,5,3,2025-09-10,COMPLETADA,Efectivo,PEN,12491.32,1523.7,1974.17,12941.79
10417,43,4,1,2025-09-11,COMPLETADA,Transferencia,PEN,3917.38,195.87,669.87,4391.38
10071,61,5,3,2025-09-11,PENDIENTE,Efectivo,PEN,7827.42,0.0,1408.94,9236.36
10767,69,5,3,2025-09-12,COMPLETADA,Tarjeta,PEN,1958.69,0.0,352.56,2311.25
10866,4,5,3,2025-09-12,COMPLETADA,Transferencia,PEN,2609.14,0.0,469.65,3078.79
10726,32,3,8,2025-09-12,COMPLETADA,Transferencia,PEN,3500.0,175.0,598.5,3923.5
10836,10,2,10,2025-09-13,COMPLETADA,Tarjeta,PEN,2200.0,0.0,396.0,2596.0
10780,58,2,5,2025-09-13,COMPLETADA,Yape/Plin,PEN,16096.12,1348.7,2654.54,17401.96
10432,64,2,5,2025-09-14,COMPLETADA,Efectivo,PEN,3500.0,525.0,535.5,3510.5
10266,37,3,9,2025-09-15,COMPLETADA,Tarjeta,PEN,2200.0,110.0,376.2,2466.2
10003,49,3,7,2025-09-16,COMPLETADA,Yape/Plin,PEN,1958.69,97.93,334.94,2195.7
10479,35,3,8,2025-09-17,COMPLETADA,Tarjeta,PEN,4307.82,0.0,775.41,5083.23
10437,8,1,2,2025-09-18,COMPLETADA,Yape/Plin,PEN,2609.14,391.37,399.2,2616.97
10356,1,5,3,2025-09-20,COMPLETADA,Yape/Plin,PEN,5700.0,525.0,931.5,6106.5
10486,14,4,11,2025-09-20,COMPLETADA,Tarjeta,PEN,4400.0,0.0,792.0,5192.0
10651,42,2,4,2025-09-21,COMPLETADA,Yape/Plin,PEN,2609.14,130.46,446.16,2924.84
10093,56,3,9,2025-09-21,PENDIENTE,Tarjeta,PEN,3415.1,0.0,614.72,4029.82
10348,22,1,2,2025-09-21,COMPLETADA,Tarjeta,PEN,6165.1,55.0,1099.82,7209.92
10848,19,3,9,2025-09-23,PENDIENTE,Yape/Plin,PEN,7000.0,700.0,1134.0,7434.0
10115,39,5,12,2025-09-23,COMPLETADA,Efectivo,PEN,7900.0,220.0,1382.4,9062.4
10420,35,5,3,2025-09-23,COMPLETADA,Transferencia,PEN,3159.14,343.41,506.83,3322.56
10077,17,5,12,2025-09-24,COMPLETADA,Transferencia,PEN,4808.24,0.0,865.49,5673.73
10184,23,3,9,2025-09-24,COMPLETADA,Transferencia,PEN,1958.69,0.0,352.56,2311.25
10377,58,3,9,2025-09-24,COMPLETADA,Transferencia,PEN,500.42,75.06,76.56,501.92
10828,8,2,10,2025-09-25,COMPLETADA,Tarjeta,PEN,12115.64,350.0,2117.82,13883.46
10165,38,2,4,2025-09-25,COMPLETADA,Transferencia,PEN,500.42,25.02,85.57,560.97
10157,68,3,8,2025-09-26,COMPLETADA,Efectivo,PEN,3415.1,0.0,614.72,4029.82
10893,52,4,11,2025-09-27,COMPLETADA,Yape/Plin,PEN,1000.84,50.04,171.14,1121.94
10887,66,2,10,2025-09-27,COMPLETADA,Yape/Plin,PEN,6600.0,990.0,1009.8,6619.8
10408,19,4,1,2025-09-30,ANULADA,Transferencia,PEN,2609.14,0.0,469.65,3078.79
10438,46,2,10,2025-09-30,COMPLETADA,Efectivo,PEN,1000.84,0.0,180.15,1180.99
10568,12,5,3,2025-10-01,COMPLETADA,Yape/Plin,PEN,4495.66,0.0,809.22,5304.88
10395,23,5,12,2025-10-02,COMPLETADA,Yape/Plin,PEN,3965.1,82.5,698.87,4581.47
10834,12,2,5,2025-10-02,COMPLETADA,Transferencia,PEN,4996.08,299.84,845.32,5541.56
10513,10,4,11,2025-10-04,COMPLETADA,Yape/Plin,PEN,2200.0,330.0,336.6,2206.6
10037,13,1,2,2025-10-05,COMPLETADA,Tarjeta,PEN,500.42,25.02,85.57,560.97
10470,10,5,12,2025-10-07,COMPLETADA,Yape/Plin,PEN,446.04,66.91,68.24,447.37
10425,7,2,6,2025-10-07,COMPLETADA,Yape/Plin,PEN,5700.0,110.0,1006.2,6596.2
10300,28,2,5,2025-10-09,COMPLETADA,Yape/Plin,PEN,4808.24,240.41,822.21,5390.04
10174,39,2,6,2025-10-10,COMPLETADA,Efectivo,PEN,5150.0,690.0,802.8,5262.8
10397,56,3,9,2025-10-10,COMPLETADA,Transferencia,PEN,8991.32,449.57,1537.51,10079.26
10853,37,5,3,2025-10-11,PENDIENTE,Tarjeta,PEN,446.04,44.6,72.26,473.7
10659,34,4,11,2025-10-12,COMPLETADA,Yape/Plin,PEN,10500.0,525.0,1795.5,11770.5
10675,66,3,8,2025-10-14,COMPLETADA,Efectivo,PEN,1000.84,0.0,180.15,1180.99
10894,37,5,12,2025-10-14,COMPLETADA,Tarjeta,PEN,4307.82,215.39,736.64,4829.07
10159,2,2,4,2025-10-14,COMPLETADA,Efectivo,PEN,5768.28,82.5,1023.44,6709.22
10336,3,3,7,2025-10-14,COMPLETADA,Efectivo,PEN,2959.53,443.93,452.81,2968.41
10294,39,5,3,2025-10-14,COMPLETADA,Efectivo,PEN,7623.01,425.75,1295.51,8492.77
10034,33,4,11,2025-10-15,COMPLETADA,Efectivo,PEN,6546.92,354.84,1114.58,7306.66
10700,39,1,2,2025-10-16,COMPLETADA,Transferencia,PEN,4307.82,0.0,775.41,5083.23
10084,80,4,1,2025-10-16,COMPLETADA,Efectivo,PEN,446.04,66.91,68.24,447.37
10347,64,4,1,2025-10-17,COMPLETADA,Yape/Plin,PEN,4307.82,0.0,775.41,5083.23
10536,61,1,2,2025-10-17,COMPLETADA,Efectivo,PEN,5805.5,419.24,969.53,6355.79
10720,30,5,3,2025-10-17,COMPLETADA,Tarjeta,PEN,6830.2,1024.53,1045.02,6850.69
10202,19,1,2,2025-10-18,COMPLETADA,Transferencia,PEN,1958.69,0.0,352.56,2311.25
10529,25,5,3,2025-10-18,COMPLETADA,Yape/Plin,PEN,550.0,55.0,89.1,584.1
10713,14,4,11,2025-10-18,COMPLETADA,Tarjeta,PEN,6830.2,0.0,1229.44,8059.64
10424,5,5,3,2025-10-18,COMPLETADA,Tarjeta,PEN,6454.35,674.35,1040.4,6820.4
10154,8,5,3,2025-10-19,COMPLETADA,Tarjeta,PEN,8168.96,512.26,1378.21,9034.91
10575,6,4,1,2025-10-21,COMPLETADA,Tarjeta,PEN,4400.0,440.0,712.8,4672.8
10386,45,4,1,2025-10-22,COMPLETADA,Efectivo,PEN,500.42,0.0,90.08,590.5
10527,38,4,11,2025-10-24,PENDIENTE,Transferencia,PEN,8718.28,350.0,1506.29,9874.57
10264,23,5,3,2025-10-24,COMPLETADA,Yape/Plin,PEN,7815.1,220.0,1367.12,8962.22
10466,3,2,10,2025-10-25,COMPLETADA,Transferencia,PEN,6830.2,1024.53,1045.02,6850.69
10180,14,2,5,2025-10-25,COMPLETADA,Transferencia,PEN,10245.3,0.0,1844.15,12089.45
10888,14,2,10,2025-10-25,COMPLETADA,Tarjeta,PEN,3500.0,0.0,630.0,4130.0
10024,20,4,11,2025-10-25,COMPLETADA,Yape/Plin,PEN,10500.0,0.0,1890.0,12390.0
10330,42,1,2,2025-10-26,COMPLETADA,Yape/Plin,PEN,4307.82,430.78,697.87,4574.91
10242,29,2,10,2025-10-28,COMPLETADA,Tarjeta,PEN,2609.14,0.0,469.65,3078.79
10367,38,3,9,2025-10-30,COMPLETADA,Yape/Plin,PEN,12323.08,782.74,2077.26,13617.6
10412,2,1,2,2025-11-01,COMPLETADA,Yape/Plin,PEN,3092.08,309.21,500.92,3283.79
10090,43,3,7,2025-11-02,COMPLETADA,Efectivo,PEN,6915.1,341.51,1183.25,7756.84
10695,2,4,1,2025-11-02,COMPLETADA,Transferencia,PEN,1958.69,293.8,299.68,1964.57
10770,66,5,3,2025-11-04,COMPLETADA,Transferencia,PEN,3415.1,512.26,522.51,3425.35
10717,36,5,12,2025-11-04,COMPLETADA,Transferencia,PEN,4307.82,0.0,775.41,5083.23
10391,9,1,2,2025-11-05,COMPLETADA,Tarjeta,PEN,3500.0,0.0,630.0,4130.0
10430,20,2,5,2025-11-06,COMPLETADA,Tarjeta,PEN,2200.0,220.0,356.4,2336.4
10685,22,5,12,2025-11-07,COMPLETADA,Tarjeta,PEN,1000.84,0.0,180.15,1180.99
10817,48,3,9,2025-11-08,COMPLETADA,Tarjeta,PEN,4808.24,480.82,778.94,5106.36
10308,39,4,11,2025-11-08,COMPLETADA,Yape/Plin,PEN,500.42,75.06,76.56,501.92
10006,75,3,8,2025-11-10,COMPLETADA,Yape/Plin,PEN,4495.66,449.57,728.3,4774.39
10199,22,1,2,2025-11-11,COMPLETADA,Transferencia,PEN,550.0,0.0,99.0,649.0
10054,33,3,7,2025-11-12,COMPLETADA,Efectivo,PEN,550.0,0.0,99.0,649.0
10896,61,4,11,2025-11-13,COMPLETADA,Yape/Plin,PEN,946.46,94.64,153.33,1005.15
10636,74,2,10,2025-11-13,COMPLETADA,Transferencia,PEN,4495.66,224.78,768.76,5039.64
10098,45,1,2,2025-11-14,ANULADA,Transferencia,PEN,8327.84,0.0,1499.02,9826.86
10132,16,4,11,2025-11-14,COMPLETADA,Yape/Plin,PEN,10027.42,782.74,1664.04,10908.72
10645,58,2,6,2025-11-14,COMPLETADA,Efectivo,PEN,3415.1,0.0,614.72,4029.82
10546,2,1,2,2025-11-14,ANULADA,Transferencia,PEN,1958.69,97.93,334.94,2195.7
10285,64,2,4,2025-11-16,COMPLETADA,Tarjeta,PEN,7150.0,385.0,1217.7,7982.7
10183,63,5,12,2025-11-17,COMPLETADA,Efectivo,PEN,2609.14,260.91,422.68,2770.91
10646,57,3,9,2025-11-17,COMPLETADA,Transferencia,PEN,6507.82,0.0,1171.41,7679.23
10302,8,2,6,2025-11-17,COMPLETADA,Transferencia,PEN,3146.46,229.66,525.02,3441.82
10570,71,2,4,2025-11-18,COMPLETADA,Transferencia,PEN,1958.69,195.87,317.31,2080.13
10435,37,5,3,2025-11-19,PENDIENTE,Yape/Plin,PEN,10168.28,495.0,1741.19,11414.47
10018,35,5,3,2025-11-19,COMPLETADA,Transferencia,PEN,7000.0,0.0,1260.0,8260.0
10480,76,2,6,2025-11-19,COMPLETADA,Transferencia,PEN,446.04,0.0,80.29,526.33
10148,78,5,3,2025-11-20,COMPLETADA,Transferencia,PEN,13299.14,449.57,2312.92,15162.49
10214,15,2,4,2025-11-21,COMPLETADA,Tarjeta,PEN,3500.0,0.0,630.0,4130.0
10684,18,4,1,2025-11-24,COMPLETADA,Transferencia,PEN,1958.69,97.93,334.94,2195.7
10623,21,2,4,2025-11-24,COMPLETADA,Yape/Plin,PEN,4307.82,646.17,659.1,4320.75
10530,12,5,12,2025-11-24,COMPLETADA,Yape/Plin,PEN,9437.36,494.17,1609.77,10552.96
10776,78,4,11,2025-11-25,COMPLETADA,Yape/Plin,PEN,6695.66,449.57,1124.3,7370.39
10745,57,2,10,2025-11-25,COMPLETADA,Tarjeta,PEN,10500.0,0.0,1890.0,12390.0
10528,71,1,2,2025-11-25,COMPLETADA,Transferencia,PEN,550.0,82.5,84.15,551.65
10518,69,3,8,2025-11-25,COMPLETADA,Tarjeta,PEN,3500.0,350.0,567.0,3717.0
10816,55,2,6,2025-11-26,COMPLETADA,Yape/Plin,PEN,550.0,55.0,89.1,584.1
10839,17,4,11,2025-11-27,COMPLETADA,Yape/Plin,PEN,3415.1,170.75,583.98,3828.33
10657,49,3,9,2025-11-27,COMPLETADA,Yape/Plin,PEN,4495.66,224.78,768.76,5039.64
10125,18,1,2,2025-11-28,COMPLETADA,Efectivo,PEN,3917.38,195.87,669.87,4391.38
10462,41,3,9,2025-11-28,COMPLETADA,Yape/Plin,PEN,12342.52,1350.0,1978.65,12971.17
10892,7,2,4,2025-11-28,COMPLETADA,Tarjeta,PEN,6507.82,646.17,1055.1,6916.75
10352,59,5,3,2025-11-28,COMPLETADA,Yape/Plin,PEN,1958.69,0.0,352.56,2311.25
10197,7,1,2,2025-11-29,COMPLETADA,Efectivo,PEN,500.42,0.0,90.08,590.5
10840,6,5,3,2025-11-29,COMPLETADA,Transferencia,PEN,4941.7,0.0,889.51,5831.21
10000,77,1,2,2025-12-01,COMPLETADA,Efectivo,PEN,9541.32,899.13,1555.59,10197.78
10338,54,2,4,2025-12-01,COMPLETADA,Tarjeta,PEN,13299.14,0.0,2393.85,15692.99
10606,78,2,6,2025-12-02,COMPLETADA,Yape/Plin,PEN,3500.0,350.0,567.0,3717.0
10088,60,4,1,2025-12-02,COMPLETADA,Tarjeta,PEN,4392.08,0.0,790.57,5182.65
10314,20,1,2,2025-12-03,COMPLETADA,Tarjeta,PEN,446.04,22.3,76.27,500.01
10895,31,2,6,2025-12-05,COMPLETADA,Transferencia,PEN,3500.0,0.0,630.0,4130.0
10544,30,3,7,2025-12-05,COMPLETADA,Tarjeta,PEN,550.0,55.0,89.1,584.1
10760,77,2,10,2025-12-05,COMPLETADA,Tarjeta,PEN,5615.1,341.51,949.25,6222.84
10342,41,4,11,2025-12-05,COMPLETADA,Efectivo,PEN,8707.82,1086.17,1371.9,8993.55
10423,42,4,1,2025-12-05,COMPLETADA,Tarjeta,PEN,6024.24,903.63,921.71,6042.32
10873,2,3,7,2025-12-05,COMPLETADA,Yape/Plin,PEN,5045.66,674.35,786.84,5158.15
10106,8,2,10,2025-12-06,COMPLETADA,Efectivo,PEN,4307.82,215.39,736.64,4829.07
10418,68,2,10,2025-12-06,PENDIENTE,Transferencia,PEN,4808.24,646.17,749.18,4911.25
10426,67,2,10,2025-12-07,COMPLETADA,Efectivo,PEN,4495.66,674.35,687.84,4509.15
10035,33,4,11,2025-12-07,COMPLETADA,Efectivo,PEN,2508.69,125.43,428.99,2812.25
10363,21,1,2,2025-12-08,COMPLETADA,Efectivo,PEN,4050.0,552.5,629.55,4127.05
10005,61,4,11,2025-12-08,COMPLETADA,Tarjeta,PEN,3415.1,170.75,583.98,3828.33
10592,51,2,10,2025-12-10,COMPLETADA,Yape/Plin,PEN,4495.66,224.78,768.76,5039.64
10186,23,5,3,2025-12-11,COMPLETADA,Transferencia,PEN,3500.0,175.0,598.5,3923.5
10201,17,4,1,2025-12-11,COMPLETADA,Tarjeta,PEN,4857.82,27.5,869.46,5699.78
10885,10,1,2,2025-12-12,COMPLETADA,Tarjeta,PEN,6915.1,512.26,1152.51,7555.35
10195,48,4,11,2025-12-12,COMPLETADA,Tarjeta,PEN,7550.0,1077.5,1165.05,7637.55
10411,3,4,1,2025-12-12,COMPLETADA,Tarjeta,PEN,4307.82,430.78,697.87,4574.91
10427,70,2,10,2025-12-13,COMPLETADA,Efectivo,PEN,3500.0,0.0,630.0,4130.0
10158,29,3,9,2025-12-14,COMPLETADA,Tarjeta,PEN,996.04,44.6,171.26,1122.7
10222,42,3,8,2025-12-18,COMPLETADA,Tarjeta,PEN,5358.24,320.43,906.81,5944.62
10755,7,2,10,2025-12-18,COMPLETADA,Yape/Plin,PEN,5253.64,696.11,820.36,5377.89
10211,2,2,10,2025-12-19,PENDIENTE,Yape/Plin,PEN,500.42,25.02,85.57,560.97
10058,40,3,8,2025-12-20,COMPLETADA,Transferencia,PEN,3415.1,0.0,614.72,4029.82
10598,60,4,1,2025-12-23,PENDIENTE,Efectivo,PEN,7827.42,1174.11,1197.6,7850.91
10119,18,5,3,2025-12-23,COMPLETADA,Efectivo,PEN,7827.42,782.74,1268.04,8312.72
10625,7,4,11,2025-12-24,PENDIENTE,Tarjeta,PEN,5749.9,0.0,1034.98,6784.88
10525,5,3,8,2025-12-25,COMPLETADA,Efectivo,PEN,500.42,0.0,90.08,590.5
10861,70,1,2,2025-12-25,COMPLETADA,Transferencia,PEN,7026.94,466.8,1180.83,7740.97
10240,43,4,1,2025-12-26,COMPLETADA,Transferencia,PEN,7418.28,220.0,1295.69,8493.97
10439,38,2,4,2025-12-26,COMPLETADA,Efectivo,PEN,3058.69,207.93,513.14,3363.9
10445,5,3,8,2025-12-27,COMPLETADA,Transferencia,PEN,2200.0,110.0,376.2,2466.2
10220,36,1,2,2025-12-29,ANULADA,Efectivo,PEN,11327.42,525.0,1944.44,12746.86
10459,74,4,1,2025-12-29,COMPLETADA,Efectivo,PEN,1100.0,0.0,198.0,1298.0
10414,3,1,2,2025-12-30,ANULADA,Yape/Plin,PEN,3415.1,0.0,614.72,4029.82
10718,69,5,3,2025-12-30,COMPLETADA,Tarjeta,PEN,3415.1,0.0,614.72,4029.82
10269,29,5,12,2025-12-31,ANULADA,Yape/Plin,PEN,1000.84,150.13,153.13,1003.84
10454,69,1,2,2025-12-31,COMPLETADA,Tarjeta,PEN,4050.0,350.0,666.0,4366.0
10763,69,2,10,2025-12-31,COMPLETADA,Tarjeta,PEN,8991.32,1348.7,1375.67,9018.29
10775,20,2,5,2025-12-31,COMPLETADA,Yape/Plin,PEN,2609.14,0.0,469.65,3078.79
